,Title,image,MRP
0,"Kellogg's Muesli with 20% Nuts Delight Pouch, 500 g","['https://m.media-amazon.com/images/I/51TAR9gRbUL._AC_UL320_.jpg', '', 'https://m.media-amazon.com/images/I/51TAR9gRbUL._AC_UL480_FMwebp_QL65_.jpg', '', 'https://m.media-amazon.com/images/I/51TAR9gRbUL._AC_UL640_FMwebp_QL65_.jpg', '', 'https://m.media-amazon.com/images/I/51TAR9gRbUL._AC_UL800_FMwebp_QL65_.jpg', '', 'https://m.media-amazon.com/images/I/51TAR9gRbUL._AC_UL960_FMwebp_QL65_.jpg']",315
1,"Kellogg's Muesli with 21% Fruit and Nut Pouch, 240 g","['https://m.media-amazon.com/images/I/71wH--rQjLL._AC_UL320_.jpg', '', 'https://m.media-amazon.com/images/I/71wH--rQjLL._AC_UL480_FMwebp_QL65_.jpg', '', 'https://m.media-amazon.com/images/I/71wH--rQjLL._AC_UL640_FMwebp_QL65_.jpg', '', 'https://m.media-amazon.com/images/I/71wH--rQjLL._AC_UL800_FMwebp_QL65_.jpg', '', 'https://m.media-amazon.com/images/I/71wH--rQjLL._AC_UL960_FMwebp_QL65_.jpg']",155
2,Kellogg's Crunchy Granola Almonds and Cranberries 460g,"['https://m.media-amazon.com/images/I/61iGpCQrr1L._AC_UL320_.jpg', '', 'https://m.media-amazon.com/images/I/61iGpCQrr1L._AC_UL480_FMwebp_QL65_.jpg', '', 'https://m.media-amazon.com/images/I/61iGpCQrr1L._AC_UL640_FMwebp_QL65_.jpg', '', 'https://m.media-amazon.com/images/I/61iGpCQrr1L._AC_UL800_FMwebp_QL65_.jpg', '', 'https://m.media-amazon.com/images/I/61iGpCQrr1L._AC_UL960_FMwebp_QL65_.jpg']",285
3,Kellogg's Crunchy Granola Almonds and Cranberries 460g,"['https://m.media-amazon.com/images/I/61iGpCQrr1L._AC_UL320_.jpg', '', 'https://m.media-amazon.com/images/I/61iGpCQrr1L._AC_UL480_FMwebp_QL65_.jpg', '', 'https://m.media-amazon.com/images/I/61iGpCQrr1L._AC_UL640_FMwebp_QL65_.jpg', '', 'https://m.media-amazon.com/images/I/61iGpCQrr1L._AC_UL800_FMwebp_QL65_.jpg', '', 'https://m.media-amazon.com/images/I/61iGpCQrr1L._AC_UL960_FMwebp_QL65_.jpg']",285
4,"Bagrry's Crunchy Muesli Oat Clusters with Almonds, Raisins & Honey, 1000 GM","['https://m.media-amazon.com/images/I/81NduiykRsL._AC_UL320_.jpg', '', 'https://m.media-amazon.com/images/I/81NduiykRsL._AC_UL480_FMwebp_QL65_.jpg', '', 'https://m.media-amazon.com/images/I/81NduiykRsL._AC_UL640_FMwebp_QL65_.jpg', '', 'https://m.media-amazon.com/images/I/81NduiykRsL._AC_UL800_FMwebp_QL65_.jpg', '', 'https://m.media-amazon.com/images/I/81NduiykRsL._AC_UL960_FMwebp_QL65_.jpg']",525
5,"Kellogg's Special K Original, Breakfast Cereals, 900g","['https://m.media-amazon.com/images/I/61fGjeWqNmL._AC_UL320_.jpg', '', 'https://m.media-amazon.com/images/I/61fGjeWqNmL._AC_UL480_FMwebp_QL65_.jpg', '', 'https://m.media-amazon.com/images/I/61fGjeWqNmL._AC_UL640_FMwebp_QL65_.jpg', '', 'https://m.media-amazon.com/images/I/61fGjeWqNmL._AC_UL800_FMwebp_QL65_.jpg', '', 'https://m.media-amazon.com/images/I/61fGjeWqNmL._AC_UL960_FMwebp_QL65_.jpg']",379
6,"Nestlé NesPlus Breakfast Cereal - Crunchy Flakes with Corn & Oats, 475g Carton","['https://m.media-amazon.com/images/I/81u+siYgGfL._AC_UL320_.jpg', '', 'https://m.media-amazon.com/images/I/81u+siYgGfL._AC_UL480_FMwebp_QL65_.jpg', '', 'https://m.media-amazon.com/images/I/81u+siYgGfL._AC_UL640_FMwebp_QL65_.jpg', '', 'https://m.media-amazon.com/images/I/81u+siYgGfL._AC_UL800_FMwebp_QL65_.jpg', '', 'https://m.media-amazon.com/images/I/81u+siYgGfL._AC_UL960_FMwebp_QL65_.jpg']",180
7,"Kellogg's Crunchy Granola Almonds and Cranberries, 460g","['https://m.media-amazon.com/images/I/61iGpCQrr1L._AC_UL320_.jpg', '', 'https://m.media-amazon.com/images/I/61iGpCQrr1L._AC_UL480_FMwebp_QL65_.jpg', '', 'https://m.media-amazon.com/images/I/61iGpCQrr1L._AC_UL640_FMwebp_QL65_.jpg', '', 'https://m.media-amazon.com/images/I/61iGpCQrr1L._AC_UL800_FMwebp_QL65_.jpg', '', 'https://m.media-amazon.com/images/I/61iGpCQrr1L._AC_UL960_FMwebp_QL65_.jpg']",289
8,"Nestlé NesPlus Breakfast Cereal - Crunchy Granola with Nutty Honey, 475g Pouch","['https://m.media-amazon.com/images/I/814bc9gruHL._AC_UL320_.jpg', '', 'https://m.media-amazon.com/images/I/814bc9gruHL._AC_UL480_FMwebp_QL65_.jpg', '', 'https://m.media-amazon.com/images/I/814bc9gruHL._AC_UL640_FMwebp_QL65_.jpg', '', 'https://m.media-amazon.com/images/I/814bc9gruHL._AC_UL800_FMwebp_QL65_.jpg', '', 'https://m.media-amazon.com/images/I/814bc9gruHL._AC_UL960_FMwebp_QL65_.jpg']",284
9,"Nestle Koko Krunch Breakfast Cereal - Strawberry Flavour Burst, 250 g Pouch","['https://m.media-amazon.com/images/I/71ILrqST1OL._AC_UL320_.jpg', '', 'https://m.media-amazon.com/images/I/71ILrqST1OL._AC_UL480_FMwebp_QL65_.jpg', '', 'https://m.media-amazon.com/images/I/71ILrqST1OL._AC_UL640_FMwebp_QL65_.jpg', '', 'https://m.media-amazon.com/images/I/71ILrqST1OL._AC_UL800_FMwebp_QL65_.jpg', '', 'https://m.media-amazon.com/images/I/71ILrqST1OL._AC_UL960_FMwebp_QL65_.jpg']",190
10,"Kellogg's Muesli with 21% Fruit and Nut Pouch, 500 g","['https://m.media-amazon.com/images/I/71V3r1l4SVL._AC_UL320_.jpg', '', 'https://m.media-amazon.com/images/I/71V3r1l4SVL._AC_UL480_FMwebp_QL65_.jpg', '', 'https://m.media-amazon.com/images/I/71V3r1l4SVL._AC_UL640_FMwebp_QL65_.jpg', '', 'https://m.media-amazon.com/images/I/71V3r1l4SVL._AC_UL800_FMwebp_QL65_.jpg', '', 'https://m.media-amazon.com/images/I/71V3r1l4SVL._AC_UL960_FMwebp_QL65_.jpg']",315
11,"Nestle Koko Krunch Breakfast Cereal - Chocolate Flavour, 350 g","['https://m.media-amazon.com/images/I/81zeEkJm1AL._AC_UL320_.jpg', '', 'https://m.media-amazon.com/images/I/81zeEkJm1AL._AC_UL480_FMwebp_QL65_.jpg', '', 'https://m.media-amazon.com/images/I/81zeEkJm1AL._AC_UL640_FMwebp_QL65_.jpg', '', 'https://m.media-amazon.com/images/I/81zeEkJm1AL._AC_UL800_FMwebp_QL65_.jpg', '', 'https://m.media-amazon.com/images/I/81zeEkJm1AL._AC_UL960_FMwebp_QL65_.jpg']",160
12,"Kellogg's Muesli No Added Sugar, 500g","['https://m.media-amazon.com/images/I/71aAy5soKfL._AC_UL320_.jpg', '', 'https://m.media-amazon.com/images/I/71aAy5soKfL._AC_UL480_FMwebp_QL65_.jpg', '', 'https://m.media-amazon.com/images/I/71aAy5soKfL._AC_UL640_FMwebp_QL65_.jpg', '', 'https://m.media-amazon.com/images/I/71aAy5soKfL._AC_UL800_FMwebp_QL65_.jpg', '', 'https://m.media-amazon.com/images/I/71aAy5soKfL._AC_UL960_FMwebp_QL65_.jpg']",309
13,"Saffola Masala Oats, Veggie Twist, 1 kg","['https://m.media-amazon.com/images/I/71oQhRjLpJL._AC_UL320_.jpg', '', 'https://m.media-amazon.com/images/I/71oQhRjLpJL._AC_UL480_FMwebp_QL65_.jpg', '', 'https://m.media-amazon.com/images/I/71oQhRjLpJL._AC_UL640_FMwebp_QL65_.jpg', '', 'https://m.media-amazon.com/images/I/71oQhRjLpJL._AC_UL800_FMwebp_QL65_.jpg', '', 'https://m.media-amazon.com/images/I/71oQhRjLpJL._AC_UL960_FMwebp_QL65_.jpg']",349
14,"Nestle Koko Krunch Breakfast Cereal - Choco Burst, 500 g Box","['https://m.media-amazon.com/images/I/81BeKHAUUXL._AC_UL320_.jpg', '', 'https://m.media-amazon.com/images/I/81BeKHAUUXL._AC_UL480_FMwebp_QL65_.jpg', '', 'https://m.media-amazon.com/images/I/81BeKHAUUXL._AC_UL640_FMwebp_QL65_.jpg', '', 'https://m.media-amazon.com/images/I/81BeKHAUUXL._AC_UL800_FMwebp_QL65_.jpg', '', 'https://m.media-amazon.com/images/I/81BeKHAUUXL._AC_UL960_FMwebp_QL65_.jpg']",320
15,"Bagrry's Fruit N Fibre Muesli, Mixed Fruit, 1000g","['https://m.media-amazon.com/images/I/81qRN2v1KHL._AC_UL320_.jpg', '', 'https://m.media-amazon.com/images/I/81qRN2v1KHL._AC_UL480_FMwebp_QL65_.jpg', '', 'https://m.media-amazon.com/images/I/81qRN2v1KHL._AC_UL640_FMwebp_QL65_.jpg', '', 'https://m.media-amazon.com/images/I/81qRN2v1KHL._AC_UL800_FMwebp_QL65_.jpg', '', 'https://m.media-amazon.com/images/I/81qRN2v1KHL._AC_UL960_FMwebp_QL65_.jpg']",525
16,"Kellogg's Muesli with 0% Added Sugar, 500g","['https://m.media-amazon.com/images/I/713DOgcUMfL._AC_UL320_.jpg', '', 'https://m.media-amazon.com/images/I/713DOgcUMfL._AC_UL480_FMwebp_QL65_.jpg', '', 'https://m.media-amazon.com/images/I/713DOgcUMfL._AC_UL640_FMwebp_QL65_.jpg', '', 'https://m.media-amazon.com/images/I/713DOgcUMfL._AC_UL800_FMwebp_QL65_.jpg', '', 'https://m.media-amazon.com/images/I/713DOgcUMfL._AC_UL960_FMwebp_QL65_.jpg']",315
17,"Saffola Masala Oats, Classic Masala, 500g","['https://m.media-amazon.com/images/I/71bei6HanZL._AC_UL320_.jpg', '', 'https://m.media-amazon.com/images/I/71bei6HanZL._AC_UL480_FMwebp_QL65_.jpg', '', 'https://m.media-amazon.com/images/I/71bei6HanZL._AC_UL640_FMwebp_QL65_.jpg', '', 'https://m.media-amazon.com/images/I/71bei6HanZL._AC_UL800_FMwebp_QL65_.jpg', '', 'https://m.media-amazon.com/images/I/71bei6HanZL._AC_UL960_FMwebp_QL65_.jpg']",175
18,"Bagrry's Corn Flakes, 800g (with Extra 80g)","['https://m.media-amazon.com/images/I/81mBSoS6ibL._AC_UL320_.jpg', '', 'https://m.media-amazon.com/images/I/81mBSoS6ibL._AC_UL480_FMwebp_QL65_.jpg', '', 'https://m.media-amazon.com/images/I/81mBSoS6ibL._AC_UL640_FMwebp_QL65_.jpg', '', 'https://m.media-amazon.com/images/I/81mBSoS6ibL._AC_UL800_FMwebp_QL65_.jpg', '', 'https://m.media-amazon.com/images/I/81mBSoS6ibL._AC_UL960_FMwebp_QL65_.jpg']",280
19,Best seller,"['https://m.media-amazon.com/images/I/71V3r1l4SVL._AC_UL320_.jpg', '', 'https://m.media-amazon.com/images/I/71V3r1l4SVL._AC_UL480_FMwebp_QL65_.jpg', '', 'https://m.media-amazon.com/images/I/71V3r1l4SVL._AC_UL640_FMwebp_QL65_.jpg', '', 'https://m.media-amazon.com/images/I/71V3r1l4SVL._AC_UL800_FMwebp_QL65_.jpg', '', 'https://m.media-amazon.com/images/I/71V3r1l4SVL._AC_UL960_FMwebp_QL65_.jpg']",1
20,"Kellogg's Muesli with 20% Nuts Delight, 500g","['https://m.media-amazon.com/images/I/51sB91xoUCL._AC_UL320_.jpg', '', 'https://m.media-amazon.com/images/I/51sB91xoUCL._AC_UL480_FMwebp_QL65_.jpg', '', 'https://m.media-amazon.com/images/I/51sB91xoUCL._AC_UL640_FMwebp_QL65_.jpg', '', 'https://m.media-amazon.com/images/I/51sB91xoUCL._AC_UL800_FMwebp_QL65_.jpg', '', 'https://m.media-amazon.com/images/I/51sB91xoUCL._AC_UL960_FMwebp_QL65_.jpg']",284
21,"Kellogg's Special K Original Breakfast Cereal, 900gms Pack","['https://m.media-amazon.com/images/I/61fGjeWqNmL._AC_UL320_.jpg', '', 'https://m.media-amazon.com/images/I/61fGjeWqNmL._AC_UL480_FMwebp_QL65_.jpg', '', 'https://m.media-amazon.com/images/I/61fGjeWqNmL._AC_UL640_FMwebp_QL65_.jpg', '', 'https://m.media-amazon.com/images/I/61fGjeWqNmL._AC_UL800_FMwebp_QL65_.jpg', '', 'https://m.media-amazon.com/images/I/61fGjeWqNmL._AC_UL960_FMwebp_QL65_.jpg']",379
22,"Kellogg's Corn Flakes Real Almond and Honey, 650g","['https://m.media-amazon.com/images/I/71a3d4P9mwL._AC_UL320_.jpg', '', 'https://m.media-amazon.com/images/I/71a3d4P9mwL._AC_UL480_FMwebp_QL65_.jpg', '', 'https://m.media-amazon.com/images/I/71a3d4P9mwL._AC_UL640_FMwebp_QL65_.jpg', '', 'https://m.media-amazon.com/images/I/71a3d4P9mwL._AC_UL800_FMwebp_QL65_.jpg', '', 'https://m.media-amazon.com/images/I/71a3d4P9mwL._AC_UL960_FMwebp_QL65_.jpg']",350
23,Best seller,"['https://m.media-amazon.com/images/I/71HsQr-pYjL._AC_UL320_.jpg', '', 'https://m.media-amazon.com/images/I/71HsQr-pYjL._AC_UL480_FMwebp_QL65_.jpg', '', 'https://m.media-amazon.com/images/I/71HsQr-pYjL._AC_UL640_FMwebp_QL65_.jpg', '', 'https://m.media-amazon.com/images/I/71HsQr-pYjL._AC_UL800_FMwebp_QL65_.jpg', '', 'https://m.media-amazon.com/images/I/71HsQr-pYjL._AC_UL960_FMwebp_QL65_.jpg']",7
24,"Kellogg's Corn Flakes, 475g","['https://m.media-amazon.com/images/I/71aqWXMuj-L._AC_UL320_.jpg', '', 'https://m.media-amazon.com/images/I/71aqWXMuj-L._AC_UL480_FMwebp_QL65_.jpg', '', 'https://m.media-amazon.com/images/I/71aqWXMuj-L._AC_UL640_FMwebp_QL65_.jpg', '', 'https://m.media-amazon.com/images/I/71aqWXMuj-L._AC_UL800_FMwebp_QL65_.jpg', '', 'https://m.media-amazon.com/images/I/71aqWXMuj-L._AC_UL960_FMwebp_QL65_.jpg']",169
25,"Kellogg's Chocos, High in Protein, B Vitamins, Calcium and Iron, 700g","['https://m.media-amazon.com/images/I/611VoAjTDjL._AC_UL320_.jpg', '', 'https://m.media-amazon.com/images/I/611VoAjTDjL._AC_UL480_FMwebp_QL65_.jpg', '', 'https://m.media-amazon.com/images/I/611VoAjTDjL._AC_UL640_FMwebp_QL65_.jpg', '', 'https://m.media-amazon.com/images/I/611VoAjTDjL._AC_UL800_FMwebp_QL65_.jpg', '', 'https://m.media-amazon.com/images/I/611VoAjTDjL._AC_UL960_FMwebp_QL65_.jpg']",299
26,"Kellogg's Chocos, 700g","['https://m.media-amazon.com/images/I/611VoAjTDjL._AC_UL320_.jpg', '', 'https://m.media-amazon.com/images/I/611VoAjTDjL._AC_UL480_FMwebp_QL65_.jpg', '', 'https://m.media-amazon.com/images/I/611VoAjTDjL._AC_UL640_FMwebp_QL65_.jpg', '', 'https://m.media-amazon.com/images/I/611VoAjTDjL._AC_UL800_FMwebp_QL65_.jpg', '', 'https://m.media-amazon.com/images/I/611VoAjTDjL._AC_UL960_FMwebp_QL65_.jpg']",299
27,"Kellogg's Combo, Kellogg's All Bran Wheat Flakes, 425g and Kellogg's Special K Original, Breakfast Cereals, 900g","['https://m.media-amazon.com/images/I/71jpZIuUIdL._AC_UL320_.jpg', '', 'https://m.media-amazon.com/images/I/71jpZIuUIdL._AC_UL480_FMwebp_QL65_.jpg', '', 'https://m.media-amazon.com/images/I/71jpZIuUIdL._AC_UL640_FMwebp_QL65_.jpg', '', 'https://m.media-amazon.com/images/I/71jpZIuUIdL._AC_UL800_FMwebp_QL65_.jpg', '', 'https://m.media-amazon.com/images/I/71jpZIuUIdL._AC_UL960_FMwebp_QL65_.jpg']",569
28,"Kellogg's Muesli with 21% Fruit and Nut Pouch, 500 g","['https://m.media-amazon.com/images/I/71V3r1l4SVL._AC_UL320_.jpg', '', 'https://m.media-amazon.com/images/I/71V3r1l4SVL._AC_UL480_FMwebp_QL65_.jpg', '', 'https://m.media-amazon.com/images/I/71V3r1l4SVL._AC_UL640_FMwebp_QL65_.jpg', '', 'https://m.media-amazon.com/images/I/71V3r1l4SVL._AC_UL800_FMwebp_QL65_.jpg', '', 'https://m.media-amazon.com/images/I/71V3r1l4SVL._AC_UL960_FMwebp_QL65_.jpg']",315
29,"Kellogg's Muesli with 20% Nuts Delight Pouch, 750 g","['https://m.media-amazon.com/images/I/71iIqw4UzCL._AC_UL320_.jpg', '', 'https://m.media-amazon.com/images/I/71iIqw4UzCL._AC_UL480_FMwebp_QL65_.jpg', '', 'https://m.media-amazon.com/images/I/71iIqw4UzCL._AC_UL640_FMwebp_QL65_.jpg', '', 'https://m.media-amazon.com/images/I/71iIqw4UzCL._AC_UL800_FMwebp_QL65_.jpg', '', 'https://m.media-amazon.com/images/I/71iIqw4UzCL._AC_UL960_FMwebp_QL65_.jpg']",414
30,"Kellogg's Chocos, High in Protein, B Vitamins, Calcium And Iron, 1.2kg Pack","['https://m.media-amazon.com/images/I/61FSgXodq4L._AC_UL320_.jpg', '', 'https://m.media-amazon.com/images/I/61FSgXodq4L._AC_UL480_FMwebp_QL65_.jpg', '', 'https://m.media-amazon.com/images/I/61FSgXodq4L._AC_UL640_FMwebp_QL65_.jpg', '', 'https://m.media-amazon.com/images/I/61FSgXodq4L._AC_UL800_FMwebp_QL65_.jpg', '', 'https://m.media-amazon.com/images/I/61FSgXodq4L._AC_UL960_FMwebp_QL65_.jpg']",470
31,"Kellogg's Special K Original Breakfast Cereal, 435gms Pack","['https://m.media-amazon.com/images/I/71U+J-OEv+L._AC_UL320_.jpg', '', 'https://m.media-amazon.com/images/I/71U+J-OEv+L._AC_UL480_FMwebp_QL65_.jpg', '', 'https://m.media-amazon.com/images/I/71U+J-OEv+L._AC_UL640_FMwebp_QL65_.jpg', '', 'https://m.media-amazon.com/images/I/71U+J-OEv+L._AC_UL800_FMwebp_QL65_.jpg', '', 'https://m.media-amazon.com/images/I/71U+J-OEv+L._AC_UL960_FMwebp_QL65_.jpg']",210
32,"Kellogg's Muesli with 20% Nuts Delight Pouch, 750 g","['https://m.media-amazon.com/images/I/71iIqw4UzCL._AC_UL320_.jpg', '', 'https://m.media-amazon.com/images/I/71iIqw4UzCL._AC_UL480_FMwebp_QL65_.jpg', '', 'https://m.media-amazon.com/images/I/71iIqw4UzCL._AC_UL640_FMwebp_QL65_.jpg', '', 'https://m.media-amazon.com/images/I/71iIqw4UzCL._AC_UL800_FMwebp_QL65_.jpg', '', 'https://m.media-amazon.com/images/I/71iIqw4UzCL._AC_UL960_FMwebp_QL65_.jpg']",414
33,"Bagrry's No Added Sugar Crunchy Muesli Jar, 1000g","['https://m.media-amazon.com/images/I/81-F4McTNmL._AC_UL320_.jpg', '', 'https://m.media-amazon.com/images/I/81-F4McTNmL._AC_UL480_FMwebp_QL65_.jpg', '', 'https://m.media-amazon.com/images/I/81-F4McTNmL._AC_UL640_FMwebp_QL65_.jpg', '', 'https://m.media-amazon.com/images/I/81-F4McTNmL._AC_UL800_FMwebp_QL65_.jpg', '', 'https://m.media-amazon.com/images/I/81-F4McTNmL._AC_UL960_FMwebp_QL65_.jpg']",545
34,"Bagrrys Corn Flakes, 800g (with Extra 80g)","['https://m.media-amazon.com/images/I/81mBSoS6ibL._AC_UL320_.jpg', '', 'https://m.media-amazon.com/images/I/81mBSoS6ibL._AC_UL480_FMwebp_QL65_.jpg', '', 'https://m.media-amazon.com/images/I/81mBSoS6ibL._AC_UL640_FMwebp_QL65_.jpg', '', 'https://m.media-amazon.com/images/I/81mBSoS6ibL._AC_UL800_FMwebp_QL65_.jpg', '', 'https://m.media-amazon.com/images/I/81mBSoS6ibL._AC_UL960_FMwebp_QL65_.jpg']",290
35,"Kellogg's All Bran Wheat Flakes, 425g","['https://m.media-amazon.com/images/I/714FpHRskkL._AC_UL320_.jpg', '', 'https://m.media-amazon.com/images/I/714FpHRskkL._AC_UL480_FMwebp_QL65_.jpg', '', 'https://m.media-amazon.com/images/I/714FpHRskkL._AC_UL640_FMwebp_QL65_.jpg', '', 'https://m.media-amazon.com/images/I/714FpHRskkL._AC_UL800_FMwebp_QL65_.jpg', '', 'https://m.media-amazon.com/images/I/714FpHRskkL._AC_UL960_FMwebp_QL65_.jpg']",205
36,"Nestlé CEREGROW Fortified Multigrain Cereal with Milk and Fruits, 300g Bag-In-Box Pack","['https://m.media-amazon.com/images/I/81v37rha2FL._AC_UL320_.jpg', '', 'https://m.media-amazon.com/images/I/81v37rha2FL._AC_UL480_FMwebp_QL65_.jpg', '', 'https://m.media-amazon.com/images/I/81v37rha2FL._AC_UL640_FMwebp_QL65_.jpg', '', 'https://m.media-amazon.com/images/I/81v37rha2FL._AC_UL800_FMwebp_QL65_.jpg', '', 'https://m.media-amazon.com/images/I/81v37rha2FL._AC_UL960_FMwebp_QL65_.jpg']",249
37,"Nestle Koko Krunch Breakfast Cereal - Choco Burst, 250 g Pouch","['https://m.media-amazon.com/images/I/811BP211fCL._AC_UL320_.jpg', '', 'https://m.media-amazon.com/images/I/811BP211fCL._AC_UL480_FMwebp_QL65_.jpg', '', 'https://m.media-amazon.com/images/I/811BP211fCL._AC_UL640_FMwebp_QL65_.jpg', '', 'https://m.media-amazon.com/images/I/811BP211fCL._AC_UL800_FMwebp_QL65_.jpg', '', 'https://m.media-amazon.com/images/I/811BP211fCL._AC_UL960_FMwebp_QL65_.jpg']",175
38,"Bagrry's Protein Muesli with Whey Protein, Almonds and Oats, 500g","['https://m.media-amazon.com/images/I/71Kn20qGhBL._AC_UL320_.jpg', '', 'https://m.media-amazon.com/images/I/71Kn20qGhBL._AC_UL480_FMwebp_QL65_.jpg', '', 'https://m.media-amazon.com/images/I/71Kn20qGhBL._AC_UL640_FMwebp_QL65_.jpg', '', 'https://m.media-amazon.com/images/I/71Kn20qGhBL._AC_UL800_FMwebp_QL65_.jpg', '', 'https://m.media-amazon.com/images/I/71Kn20qGhBL._AC_UL960_FMwebp_QL65_.jpg']",379
39,"Kellogg's Special K Protein And Fibre, 445g","['https://m.media-amazon.com/images/I/71OMvMDGQCL._AC_UL320_.jpg', '', 'https://m.media-amazon.com/images/I/71OMvMDGQCL._AC_UL480_FMwebp_QL65_.jpg', '', 'https://m.media-amazon.com/images/I/71OMvMDGQCL._AC_UL640_FMwebp_QL65_.jpg', '', 'https://m.media-amazon.com/images/I/71OMvMDGQCL._AC_UL800_FMwebp_QL65_.jpg', '', 'https://m.media-amazon.com/images/I/71OMvMDGQCL._AC_UL960_FMwebp_QL65_.jpg']",210
40,"Kellogg's Corn Flakes with Honey, 630g","['https://m.media-amazon.com/images/I/71qLVYH-iUL._AC_UL320_.jpg', '', 'https://m.media-amazon.com/images/I/71qLVYH-iUL._AC_UL480_FMwebp_QL65_.jpg', '', 'https://m.media-amazon.com/images/I/71qLVYH-iUL._AC_UL640_FMwebp_QL65_.jpg', '', 'https://m.media-amazon.com/images/I/71qLVYH-iUL._AC_UL800_FMwebp_QL65_.jpg', '', 'https://m.media-amazon.com/images/I/71qLVYH-iUL._AC_UL960_FMwebp_QL65_.jpg']",290
41,"Bagrry's White Oats, 1kg","['https://m.media-amazon.com/images/I/51bhrouMB3L._AC_UL320_.jpg', '', 'https://m.media-amazon.com/images/I/51bhrouMB3L._AC_UL480_FMwebp_QL65_.jpg', '', 'https://m.media-amazon.com/images/I/51bhrouMB3L._AC_UL640_FMwebp_QL65_.jpg', '', 'https://m.media-amazon.com/images/I/51bhrouMB3L._AC_UL800_FMwebp_QL65_.jpg', '', 'https://m.media-amazon.com/images/I/51bhrouMB3L._AC_UL960_FMwebp_QL65_.jpg']",170
42,"Bagrry's Protein Muesli with Whey Protein, Almonds and Oats, 500g","['https://m.media-amazon.com/images/I/71Kn20qGhBL._AC_UL320_.jpg', '', 'https://m.media-amazon.com/images/I/71Kn20qGhBL._AC_UL480_FMwebp_QL65_.jpg', '', 'https://m.media-amazon.com/images/I/71Kn20qGhBL._AC_UL640_FMwebp_QL65_.jpg', '', 'https://m.media-amazon.com/images/I/71Kn20qGhBL._AC_UL800_FMwebp_QL65_.jpg', '', 'https://m.media-amazon.com/images/I/71Kn20qGhBL._AC_UL960_FMwebp_QL65_.jpg']",399
43,"Kellogg's Muesli No Added Sugar, 500g","['https://m.media-amazon.com/images/I/71aAy5soKfL._AC_UL320_.jpg', '', 'https://m.media-amazon.com/images/I/71aAy5soKfL._AC_UL480_FMwebp_QL65_.jpg', '', 'https://m.media-amazon.com/images/I/71aAy5soKfL._AC_UL640_FMwebp_QL65_.jpg', '', 'https://m.media-amazon.com/images/I/71aAy5soKfL._AC_UL800_FMwebp_QL65_.jpg', '', 'https://m.media-amazon.com/images/I/71aAy5soKfL._AC_UL960_FMwebp_QL65_.jpg']",309
44,"Kellogg's Chocos Magic Hearts, 325 g","['https://m.media-amazon.com/images/I/713CaWQH0sL._AC_UL320_.jpg', '', 'https://m.media-amazon.com/images/I/713CaWQH0sL._AC_UL480_FMwebp_QL65_.jpg', '', 'https://m.media-amazon.com/images/I/713CaWQH0sL._AC_UL640_FMwebp_QL65_.jpg', '', 'https://m.media-amazon.com/images/I/713CaWQH0sL._AC_UL800_FMwebp_QL65_.jpg', '', 'https://m.media-amazon.com/images/I/713CaWQH0sL._AC_UL960_FMwebp_QL65_.jpg']",185
45,"Kellogg's Cornflakes with Real Strawberry Puree, 575g","['https://m.media-amazon.com/images/I/71dwVviljgL._AC_UL320_.jpg', '', 'https://m.media-amazon.com/images/I/71dwVviljgL._AC_UL480_FMwebp_QL65_.jpg', '', 'https://m.media-amazon.com/images/I/71dwVviljgL._AC_UL640_FMwebp_QL65_.jpg', '', 'https://m.media-amazon.com/images/I/71dwVviljgL._AC_UL800_FMwebp_QL65_.jpg', '', 'https://m.media-amazon.com/images/I/71dwVviljgL._AC_UL960_FMwebp_QL65_.jpg']",265
46,Bagrry's Crunchy Muesli Fruit N Nut with Cranberries 750 GM Pouch,"['https://m.media-amazon.com/images/I/71YE1wJzfDL._AC_UL320_.jpg', '', 'https://m.media-amazon.com/images/I/71YE1wJzfDL._AC_UL480_FMwebp_QL65_.jpg', '', 'https://m.media-amazon.com/images/I/71YE1wJzfDL._AC_UL640_FMwebp_QL65_.jpg', '', 'https://m.media-amazon.com/images/I/71YE1wJzfDL._AC_UL800_FMwebp_QL65_.jpg', '', 'https://m.media-amazon.com/images/I/71YE1wJzfDL._AC_UL960_FMwebp_QL65_.jpg']",449
47,"Bagrrys Crunchy Muesli- Almond, Raisins and Honey, 750g","['https://m.media-amazon.com/images/I/71pU76ZmIgL._AC_UL320_.jpg', '', 'https://m.media-amazon.com/images/I/71pU76ZmIgL._AC_UL480_FMwebp_QL65_.jpg', '', 'https://m.media-amazon.com/images/I/71pU76ZmIgL._AC_UL640_FMwebp_QL65_.jpg', '', 'https://m.media-amazon.com/images/I/71pU76ZmIgL._AC_UL800_FMwebp_QL65_.jpg', '', 'https://m.media-amazon.com/images/I/71pU76ZmIgL._AC_UL960_FMwebp_QL65_.jpg']",413
48,"Kellogg's Chocos Moon and Stars, 375g","['https://m.media-amazon.com/images/I/61-dPH8u83L._AC_UL320_.jpg', '', 'https://m.media-amazon.com/images/I/61-dPH8u83L._AC_UL480_FMwebp_QL65_.jpg', '', 'https://m.media-amazon.com/images/I/61-dPH8u83L._AC_UL640_FMwebp_QL65_.jpg', '', 'https://m.media-amazon.com/images/I/61-dPH8u83L._AC_UL800_FMwebp_QL65_.jpg', '', 'https://m.media-amazon.com/images/I/61-dPH8u83L._AC_UL960_FMwebp_QL65_.jpg']",175
49,"Kellogg's Froot Loops Breakfast Cereal with Fruity Shaped Marshmallows, 298 g","['https://m.media-amazon.com/images/I/616mN3-sAuL._AC_UL320_.jpg', '', 'https://m.media-amazon.com/images/I/616mN3-sAuL._AC_UL480_FMwebp_QL65_.jpg', '', 'https://m.media-amazon.com/images/I/616mN3-sAuL._AC_UL640_FMwebp_QL65_.jpg', '', 'https://m.media-amazon.com/images/I/616mN3-sAuL._AC_UL800_FMwebp_QL65_.jpg', '', 'https://m.media-amazon.com/images/I/616mN3-sAuL._AC_UL960_FMwebp_QL65_.jpg']",750
50,"Kellogg's Choco Fills Chocolate Flavor, 250g","['https://m.media-amazon.com/images/I/814xbILWz2L._AC_UL320_.jpg', '', 'https://m.media-amazon.com/images/I/814xbILWz2L._AC_UL480_FMwebp_QL65_.jpg', '', 'https://m.media-amazon.com/images/I/814xbILWz2L._AC_UL640_FMwebp_QL65_.jpg', '', 'https://m.media-amazon.com/images/I/814xbILWz2L._AC_UL800_FMwebp_QL65_.jpg', '', 'https://m.media-amazon.com/images/I/814xbILWz2L._AC_UL960_FMwebp_QL65_.jpg']",170
51,"Kellogg's Chocos Magic Hearts, 325g","['https://m.media-amazon.com/images/I/713CaWQH0sL._AC_UL320_.jpg', '', 'https://m.media-amazon.com/images/I/713CaWQH0sL._AC_UL480_FMwebp_QL65_.jpg', '', 'https://m.media-amazon.com/images/I/713CaWQH0sL._AC_UL640_FMwebp_QL65_.jpg', '', 'https://m.media-amazon.com/images/I/713CaWQH0sL._AC_UL800_FMwebp_QL65_.jpg', '', 'https://m.media-amazon.com/images/I/713CaWQH0sL._AC_UL960_FMwebp_QL65_.jpg']",185
52,"Nestle Ceregrow Fortified Multigrain Cereal with Milk and Fruits, 300g Bag-In-Box Pack","['https://m.media-amazon.com/images/I/81v37rha2FL._AC_UL320_.jpg', '', 'https://m.media-amazon.com/images/I/81v37rha2FL._AC_UL480_FMwebp_QL65_.jpg', '', 'https://m.media-amazon.com/images/I/81v37rha2FL._AC_UL640_FMwebp_QL65_.jpg', '', 'https://m.media-amazon.com/images/I/81v37rha2FL._AC_UL800_FMwebp_QL65_.jpg', '', 'https://m.media-amazon.com/images/I/81v37rha2FL._AC_UL960_FMwebp_QL65_.jpg']",249
53,"Kellogg's Froot Loops, 286 g","['https://m.media-amazon.com/images/I/91e0mfPz6mL._AC_UL320_.jpg', '', 'https://m.media-amazon.com/images/I/91e0mfPz6mL._AC_UL480_QL65_.jpg', '', 'https://m.media-amazon.com/images/I/91e0mfPz6mL._AC_UL640_QL65_.jpg', '', 'https://m.media-amazon.com/images/I/91e0mfPz6mL._AC_UL800_QL65_.jpg', '', 'https://m.media-amazon.com/images/I/91e0mfPz6mL._AC_UL960_QL65_.jpg']",690
54,"Kellogg's Corn Flakes with Honey, 630g","['https://m.media-amazon.com/images/I/81IMWUOToFL._AC_UL320_.jpg', '', 'https://m.media-amazon.com/images/I/81IMWUOToFL._AC_UL480_QL65_.jpg', '', 'https://m.media-amazon.com/images/I/81IMWUOToFL._AC_UL640_QL65_.jpg', '', 'https://m.media-amazon.com/images/I/81IMWUOToFL._AC_UL800_QL65_.jpg', '', 'https://m.media-amazon.com/images/I/81IMWUOToFL._AC_UL960_QL65_.jpg']",290
55,"Saffola Oats, 1 kg with Free Saffola Oats 400 gm","['https://m.media-amazon.com/images/I/810XpERs6HL._AC_UL320_.jpg', '', 'https://m.media-amazon.com/images/I/810XpERs6HL._AC_UL480_QL65_.jpg', '', 'https://m.media-amazon.com/images/I/810XpERs6HL._AC_UL640_QL65_.jpg', '', 'https://m.media-amazon.com/images/I/810XpERs6HL._AC_UL800_QL65_.jpg', '', 'https://m.media-amazon.com/images/I/810XpERs6HL._AC_UL960_QL65_.jpg']",175
56,"Kellogg’s Crunchy Granola Breakfast Cereal - Almonds & Cranberries, 150g Pack","['https://m.media-amazon.com/images/I/71bqGyoZlXL._AC_UL320_.jpg', '', 'https://m.media-amazon.com/images/I/71bqGyoZlXL._AC_UL480_QL65_.jpg', '', 'https://m.media-amazon.com/images/I/71bqGyoZlXL._AC_UL640_QL65_.jpg', '', 'https://m.media-amazon.com/images/I/71bqGyoZlXL._AC_UL800_QL65_.jpg', '', 'https://m.media-amazon.com/images/I/71bqGyoZlXL._AC_UL960_QL65_.jpg']",99
57,Kellogg's Chocos Moons and Stars 1.2 kg Pouch,"['https://m.media-amazon.com/images/I/61RSxOaCZ1L._AC_UL320_.jpg', '', 'https://m.media-amazon.com/images/I/61RSxOaCZ1L._AC_UL480_QL65_.jpg', '', 'https://m.media-amazon.com/images/I/61RSxOaCZ1L._AC_UL640_QL65_.jpg', '', 'https://m.media-amazon.com/images/I/61RSxOaCZ1L._AC_UL800_QL65_.jpg', '', 'https://m.media-amazon.com/images/I/61RSxOaCZ1L._AC_UL960_QL65_.jpg']",525
58,"Bagrry's Choco Delight, Jar, 1000g","['https://m.media-amazon.com/images/I/71lNGcJUNYL._AC_UL320_.jpg', '', 'https://m.media-amazon.com/images/I/71lNGcJUNYL._AC_UL480_QL65_.jpg', '', 'https://m.media-amazon.com/images/I/71lNGcJUNYL._AC_UL640_QL65_.jpg', '', 'https://m.media-amazon.com/images/I/71lNGcJUNYL._AC_UL800_QL65_.jpg', '', 'https://m.media-amazon.com/images/I/71lNGcJUNYL._AC_UL960_QL65_.jpg']",575
59,"Kellogg's Corn Flakes - Original, 290g","['https://m.media-amazon.com/images/I/81tDVBXjX4L._AC_UL320_.jpg', '', 'https://m.media-amazon.com/images/I/81tDVBXjX4L._AC_UL480_QL65_.jpg', '', 'https://m.media-amazon.com/images/I/81tDVBXjX4L._AC_UL640_QL65_.jpg', '', 'https://m.media-amazon.com/images/I/81tDVBXjX4L._AC_UL800_QL65_.jpg', '', 'https://m.media-amazon.com/images/I/81tDVBXjX4L._AC_UL960_QL65_.jpg']",98
60,"Kellogg's Special K, Multigrain Oats and Honey, 435g","['https://m.media-amazon.com/images/I/61gelOvY6gL._AC_UL320_.jpg', '', 'https://m.media-amazon.com/images/I/61gelOvY6gL._AC_UL480_QL65_.jpg', '', 'https://m.media-amazon.com/images/I/61gelOvY6gL._AC_UL640_QL65_.jpg', '', 'https://m.media-amazon.com/images/I/61gelOvY6gL._AC_UL800_QL65_.jpg', '', 'https://m.media-amazon.com/images/I/61gelOvY6gL._AC_UL960_QL65_.jpg']",210
61,"Kellogg's Oats Trusted by Nutritionists Pouch, 2000 g","['https://m.media-amazon.com/images/I/71WIka-UhVL._AC_UL320_.jpg', '', 'https://m.media-amazon.com/images/I/71WIka-UhVL._AC_UL480_QL65_.jpg', '', 'https://m.media-amazon.com/images/I/71WIka-UhVL._AC_UL640_QL65_.jpg', '', 'https://m.media-amazon.com/images/I/71WIka-UhVL._AC_UL800_QL65_.jpg', '', 'https://m.media-amazon.com/images/I/71WIka-UhVL._AC_UL960_QL65_.jpg']",260
62,Bagrrys Choco Fills Plus 250 g Box (Pack of 2),"['https://m.media-amazon.com/images/I/51PpZKtYnuL._AC_UL320_.jpg', '', 'https://m.media-amazon.com/images/I/51PpZKtYnuL._AC_UL480_QL65_.jpg', '', 'https://m.media-amazon.com/images/I/51PpZKtYnuL._AC_UL640_QL65_.jpg', '', 'https://m.media-amazon.com/images/I/51PpZKtYnuL._AC_UL800_QL65_.jpg', '', 'https://m.media-amazon.com/images/I/51PpZKtYnuL._AC_UL960_QL65_.jpg']",299
63,"Bagrry's Crunchy Muesli, Oat Clusters with Almonds, Raisins and Honey, 1500 g","['https://m.media-amazon.com/images/I/61SLuVzpnPL._AC_UL320_.jpg', '', 'https://m.media-amazon.com/images/I/61SLuVzpnPL._AC_UL480_QL65_.jpg', '', 'https://m.media-amazon.com/images/I/61SLuVzpnPL._AC_UL640_QL65_.jpg', '', 'https://m.media-amazon.com/images/I/61SLuVzpnPL._AC_UL800_QL65_.jpg', '', 'https://m.media-amazon.com/images/I/61SLuVzpnPL._AC_UL960_QL65_.jpg']",815
64,"Bagrry's Choco Delight Muesli, Jar, 1000g","['https://m.media-amazon.com/images/I/71lNGcJUNYL._AC_UL320_.jpg', '', 'https://m.media-amazon.com/images/I/71lNGcJUNYL._AC_UL480_QL65_.jpg', '', 'https://m.media-amazon.com/images/I/71lNGcJUNYL._AC_UL640_QL65_.jpg', '', 'https://m.media-amazon.com/images/I/71lNGcJUNYL._AC_UL800_QL65_.jpg', '', 'https://m.media-amazon.com/images/I/71lNGcJUNYL._AC_UL960_QL65_.jpg']",575
65,"Kellogg's Muesli Nuts Delight, 500g","['https://m.media-amazon.com/images/I/717Ibn-J+bL._AC_UL320_.jpg', '', 'https://m.media-amazon.com/images/I/717Ibn-J+bL._AC_UL480_QL65_.jpg', '', 'https://m.media-amazon.com/images/I/717Ibn-J+bL._AC_UL640_QL65_.jpg', '', 'https://m.media-amazon.com/images/I/717Ibn-J+bL._AC_UL800_QL65_.jpg', '', 'https://m.media-amazon.com/images/I/717Ibn-J+bL._AC_UL960_QL65_.jpg']",315
66,"Bagrry's Healthy Crunch Muesli, Almond n Raisin , 500 GM","['https://m.media-amazon.com/images/I/71O0kye14KL._AC_UL320_.jpg', '', 'https://m.media-amazon.com/images/I/71O0kye14KL._AC_UL480_QL65_.jpg', '', 'https://m.media-amazon.com/images/I/71O0kye14KL._AC_UL640_QL65_.jpg', '', 'https://m.media-amazon.com/images/I/71O0kye14KL._AC_UL800_QL65_.jpg', '', 'https://m.media-amazon.com/images/I/71O0kye14KL._AC_UL960_QL65_.jpg']",320
67,"Kellogg's Corn Flakes Original, Breakfast Cereal, 250g","['https://m.media-amazon.com/images/I/71wt6TPhF+L._AC_UL320_.jpg', '', 'https://m.media-amazon.com/images/I/71wt6TPhF+L._AC_UL480_QL65_.jpg', '', 'https://m.media-amazon.com/images/I/71wt6TPhF+L._AC_UL640_QL65_.jpg', '', 'https://m.media-amazon.com/images/I/71wt6TPhF+L._AC_UL800_QL65_.jpg', '', 'https://m.media-amazon.com/images/I/71wt6TPhF+L._AC_UL960_QL65_.jpg']",90
68,"Kellogg's Chocos Ragi, 350g","['https://m.media-amazon.com/images/I/714jnUWHDlL._AC_UL320_.jpg', '', 'https://m.media-amazon.com/images/I/714jnUWHDlL._AC_UL480_QL65_.jpg', '', 'https://m.media-amazon.com/images/I/714jnUWHDlL._AC_UL640_QL65_.jpg', '', 'https://m.media-amazon.com/images/I/714jnUWHDlL._AC_UL800_QL65_.jpg', '', 'https://m.media-amazon.com/images/I/714jnUWHDlL._AC_UL960_QL65_.jpg']",179
69,"Kellogg's Cereal Froot Loops, 246g","['https://m.media-amazon.com/images/I/91qZ5YViykL._AC_UL320_.jpg', '', 'https://m.media-amazon.com/images/I/91qZ5YViykL._AC_UL480_QL65_.jpg', '', 'https://m.media-amazon.com/images/I/91qZ5YViykL._AC_UL640_QL65_.jpg', '', 'https://m.media-amazon.com/images/I/91qZ5YViykL._AC_UL800_QL65_.jpg', '', 'https://m.media-amazon.com/images/I/91qZ5YViykL._AC_UL960_QL65_.jpg']",750
70,"Nestlé NesPlus Breakfast Cereal - Crunchy Flakes with Corn & Oats, 250g Box","['https://m.media-amazon.com/images/I/61K9423SAgL._AC_UL320_.jpg', '', 'https://m.media-amazon.com/images/I/61K9423SAgL._AC_UL480_QL65_.jpg', '', 'https://m.media-amazon.com/images/I/61K9423SAgL._AC_UL640_QL65_.jpg', '', 'https://m.media-amazon.com/images/I/61K9423SAgL._AC_UL800_QL65_.jpg', '', 'https://m.media-amazon.com/images/I/61K9423SAgL._AC_UL960_QL65_.jpg']",95
71,"Bagrry's Fruit n Fibre Muesli, Strawberry, 1kg…","['https://m.media-amazon.com/images/I/71Xj2Qlm3pL._AC_UL320_.jpg', '', 'https://m.media-amazon.com/images/I/71Xj2Qlm3pL._AC_UL480_QL65_.jpg', '', 'https://m.media-amazon.com/images/I/71Xj2Qlm3pL._AC_UL640_QL65_.jpg', '', 'https://m.media-amazon.com/images/I/71Xj2Qlm3pL._AC_UL800_QL65_.jpg', '', 'https://m.media-amazon.com/images/I/71Xj2Qlm3pL._AC_UL960_QL65_.jpg']",575
72,"Bagrrys Fruit N Fibre Muesli, Strawberry, 500g…","['https://m.media-amazon.com/images/I/61owuB36HgL._AC_UL320_.jpg', '', 'https://m.media-amazon.com/images/I/61owuB36HgL._AC_UL480_QL65_.jpg', '', 'https://m.media-amazon.com/images/I/61owuB36HgL._AC_UL640_QL65_.jpg', '', 'https://m.media-amazon.com/images/I/61owuB36HgL._AC_UL800_QL65_.jpg', '', 'https://m.media-amazon.com/images/I/61owuB36HgL._AC_UL960_QL65_.jpg']",320
73,"Kellogg's Chocos Ragi, 350g","['https://m.media-amazon.com/images/I/714jnUWHDlL._AC_UL320_.jpg', '', 'https://m.media-amazon.com/images/I/714jnUWHDlL._AC_UL480_QL65_.jpg', '', 'https://m.media-amazon.com/images/I/714jnUWHDlL._AC_UL640_QL65_.jpg', '', 'https://m.media-amazon.com/images/I/714jnUWHDlL._AC_UL800_QL65_.jpg', '', 'https://m.media-amazon.com/images/I/714jnUWHDlL._AC_UL960_QL65_.jpg']",180
74,"Kellogg's Choco Fills, Chocolate Flavour, 250gms Pack","['https://m.media-amazon.com/images/I/814xbILWz2L._AC_UL320_.jpg', '', 'https://m.media-amazon.com/images/I/814xbILWz2L._AC_UL480_QL65_.jpg', '', 'https://m.media-amazon.com/images/I/814xbILWz2L._AC_UL640_QL65_.jpg', '', 'https://m.media-amazon.com/images/I/814xbILWz2L._AC_UL800_QL65_.jpg', '', 'https://m.media-amazon.com/images/I/814xbILWz2L._AC_UL960_QL65_.jpg']",175
75,"Saffola Masala Oats, Classic Masala, 500 g","['https://m.media-amazon.com/images/I/71bei6HanZL._AC_UL320_.jpg', '', 'https://m.media-amazon.com/images/I/71bei6HanZL._AC_UL480_QL65_.jpg', '', 'https://m.media-amazon.com/images/I/71bei6HanZL._AC_UL640_QL65_.jpg', '', 'https://m.media-amazon.com/images/I/71bei6HanZL._AC_UL800_QL65_.jpg', '', 'https://m.media-amazon.com/images/I/71bei6HanZL._AC_UL960_QL65_.jpg']",179
76,"Saffola Masala Oats, Veggie Twist, 1 kg","['https://m.media-amazon.com/images/I/71oQhRjLpJL._AC_UL320_.jpg', '', 'https://m.media-amazon.com/images/I/71oQhRjLpJL._AC_UL480_QL65_.jpg', '', 'https://m.media-amazon.com/images/I/71oQhRjLpJL._AC_UL640_QL65_.jpg', '', 'https://m.media-amazon.com/images/I/71oQhRjLpJL._AC_UL800_QL65_.jpg', '', 'https://m.media-amazon.com/images/I/71oQhRjLpJL._AC_UL960_QL65_.jpg']",349
77,"Saffola Masala Oats, Peppy Tomato, 500g","['https://m.media-amazon.com/images/I/71N+fk+Lp2L._AC_UL320_.jpg', '', 'https://m.media-amazon.com/images/I/71N+fk+Lp2L._AC_UL480_QL65_.jpg', '', 'https://m.media-amazon.com/images/I/71N+fk+Lp2L._AC_UL640_QL65_.jpg', '', 'https://m.media-amazon.com/images/I/71N+fk+Lp2L._AC_UL800_QL65_.jpg', '', 'https://m.media-amazon.com/images/I/71N+fk+Lp2L._AC_UL960_QL65_.jpg']",175
78,"Kellogg's Chocos Duet, 375g","['https://m.media-amazon.com/images/I/61MnbOktiQL._AC_UL320_.jpg', '', 'https://m.media-amazon.com/images/I/61MnbOktiQL._AC_UL480_QL65_.jpg', '', 'https://m.media-amazon.com/images/I/61MnbOktiQL._AC_UL640_QL65_.jpg', '', 'https://m.media-amazon.com/images/I/61MnbOktiQL._AC_UL800_QL65_.jpg', '', 'https://m.media-amazon.com/images/I/61MnbOktiQL._AC_UL960_QL65_.jpg']",180
79,"Kellogg's Chocos Moons and Stars, 680g","['https://m.media-amazon.com/images/I/61Y4FC+UnoL._AC_UL320_.jpg', '', 'https://m.media-amazon.com/images/I/61Y4FC+UnoL._AC_UL480_QL65_.jpg', '', 'https://m.media-amazon.com/images/I/61Y4FC+UnoL._AC_UL640_QL65_.jpg', '', 'https://m.media-amazon.com/images/I/61Y4FC+UnoL._AC_UL800_QL65_.jpg', '', 'https://m.media-amazon.com/images/I/61Y4FC+UnoL._AC_UL960_QL65_.jpg']",310
80,"Saffola Masala Oats Veggie Twist, 500g","['https://m.media-amazon.com/images/I/712bCkicMFL._AC_UL320_.jpg', '', 'https://m.media-amazon.com/images/I/712bCkicMFL._AC_UL480_QL65_.jpg', '', 'https://m.media-amazon.com/images/I/712bCkicMFL._AC_UL640_QL65_.jpg', '', 'https://m.media-amazon.com/images/I/712bCkicMFL._AC_UL800_QL65_.jpg', '', 'https://m.media-amazon.com/images/I/712bCkicMFL._AC_UL960_QL65_.jpg']",175
81,"Saffola Masala Oats, Veggie Twist, 1 kg","['https://m.media-amazon.com/images/I/71RQxEpeBhL._AC_UL320_.jpg', '', 'https://m.media-amazon.com/images/I/71RQxEpeBhL._AC_UL480_QL65_.jpg', '', 'https://m.media-amazon.com/images/I/71RQxEpeBhL._AC_UL640_QL65_.jpg', '', 'https://m.media-amazon.com/images/I/71RQxEpeBhL._AC_UL800_QL65_.jpg', '', 'https://m.media-amazon.com/images/I/71RQxEpeBhL._AC_UL960_QL65_.jpg']",349
82,"Kellogg's Chocos Whole Grain, 375g","['https://m.media-amazon.com/images/I/61fRSMtXE6L._AC_UL320_.jpg', '', 'https://m.media-amazon.com/images/I/61fRSMtXE6L._AC_UL480_QL65_.jpg', '', 'https://m.media-amazon.com/images/I/61fRSMtXE6L._AC_UL640_QL65_.jpg', '', 'https://m.media-amazon.com/images/I/61fRSMtXE6L._AC_UL800_QL65_.jpg', '', 'https://m.media-amazon.com/images/I/61fRSMtXE6L._AC_UL960_QL65_.jpg']",165
83,"Kellogg's Corn Flakes Strawberry Flavour, Breakfast Cereal, 300g","['https://m.media-amazon.com/images/I/71FjTj4igoL._AC_UL320_.jpg', '', 'https://m.media-amazon.com/images/I/71FjTj4igoL._AC_UL480_QL65_.jpg', '', 'https://m.media-amazon.com/images/I/71FjTj4igoL._AC_UL640_QL65_.jpg', '', 'https://m.media-amazon.com/images/I/71FjTj4igoL._AC_UL800_QL65_.jpg', '', 'https://m.media-amazon.com/images/I/71FjTj4igoL._AC_UL960_QL65_.jpg']",139
84,"Nestle Multigrain Cherios, 375 g","['https://m.media-amazon.com/images/I/71Yz0dvNurL._AC_UL320_.jpg', '', 'https://m.media-amazon.com/images/I/71Yz0dvNurL._AC_UL480_QL65_.jpg', '', 'https://m.media-amazon.com/images/I/71Yz0dvNurL._AC_UL640_QL65_.jpg', '', 'https://m.media-amazon.com/images/I/71Yz0dvNurL._AC_UL800_QL65_.jpg', '', 'https://m.media-amazon.com/images/I/71Yz0dvNurL._AC_UL960_QL65_.jpg']",625
85,"Kellogg's Corn Flakes with Real Honey, 300g","['https://m.media-amazon.com/images/I/61+GhD6VBPL._AC_UL320_.jpg', '', 'https://m.media-amazon.com/images/I/61+GhD6VBPL._AC_UL480_QL65_.jpg', '', 'https://m.media-amazon.com/images/I/61+GhD6VBPL._AC_UL640_QL65_.jpg', '', 'https://m.media-amazon.com/images/I/61+GhD6VBPL._AC_UL800_QL65_.jpg', '', 'https://m.media-amazon.com/images/I/61+GhD6VBPL._AC_UL960_QL65_.jpg']",139
86,"Kellogg's Special K Protein and Fibre, 445g","['https://m.media-amazon.com/images/I/71OMvMDGQCL._AC_UL320_.jpg', '', 'https://m.media-amazon.com/images/I/71OMvMDGQCL._AC_UL480_QL65_.jpg', '', 'https://m.media-amazon.com/images/I/71OMvMDGQCL._AC_UL640_QL65_.jpg', '', 'https://m.media-amazon.com/images/I/71OMvMDGQCL._AC_UL800_QL65_.jpg', '', 'https://m.media-amazon.com/images/I/71OMvMDGQCL._AC_UL960_QL65_.jpg']",210
87,Nestle Nesquik Chocolate Cereal Bar,"['https://m.media-amazon.com/images/I/71YlgD5kiqL._AC_UL320_.jpg', '', 'https://m.media-amazon.com/images/I/71YlgD5kiqL._AC_UL480_QL65_.jpg', '', 'https://m.media-amazon.com/images/I/71YlgD5kiqL._AC_UL640_QL65_.jpg', '', 'https://m.media-amazon.com/images/I/71YlgD5kiqL._AC_UL800_QL65_.jpg', '', 'https://m.media-amazon.com/images/I/71YlgD5kiqL._AC_UL960_QL65_.jpg']",650
88,"Saffola Masala Oats, Curry & Pepper, 500g","['https://m.media-amazon.com/images/I/71K31JoIZ8L._AC_UL320_.jpg', '', 'https://m.media-amazon.com/images/I/71K31JoIZ8L._AC_UL480_QL65_.jpg', '', 'https://m.media-amazon.com/images/I/71K31JoIZ8L._AC_UL640_QL65_.jpg', '', 'https://m.media-amazon.com/images/I/71K31JoIZ8L._AC_UL800_QL65_.jpg', '', 'https://m.media-amazon.com/images/I/71K31JoIZ8L._AC_UL960_QL65_.jpg']",180
89,"Kellogg's Special K Original, Breakfast Cereals, 290g","['https://m.media-amazon.com/images/I/71hhTt40trL._AC_UL320_.jpg', '', 'https://m.media-amazon.com/images/I/71hhTt40trL._AC_UL480_QL65_.jpg', '', 'https://m.media-amazon.com/images/I/71hhTt40trL._AC_UL640_QL65_.jpg', '', 'https://m.media-amazon.com/images/I/71hhTt40trL._AC_UL800_QL65_.jpg', '', 'https://m.media-amazon.com/images/I/71hhTt40trL._AC_UL960_QL65_.jpg']",139
90,"Bagrry's White Oats, 500g","['https://m.media-amazon.com/images/I/71be2vdvGHL._AC_UL320_.jpg', '', 'https://m.media-amazon.com/images/I/71be2vdvGHL._AC_UL480_QL65_.jpg', '', 'https://m.media-amazon.com/images/I/71be2vdvGHL._AC_UL640_QL65_.jpg', '', 'https://m.media-amazon.com/images/I/71be2vdvGHL._AC_UL800_QL65_.jpg', '', 'https://m.media-amazon.com/images/I/71be2vdvGHL._AC_UL960_QL65_.jpg']",99
91,"Kellogg's Froot Loops Birthday Cake Limited Edition Pouch, 286 g","['https://m.media-amazon.com/images/I/81LkGvRkjOL._AC_UL320_.jpg', '', 'https://m.media-amazon.com/images/I/81LkGvRkjOL._AC_UL480_QL65_.jpg', '', 'https://m.media-amazon.com/images/I/81LkGvRkjOL._AC_UL640_QL65_.jpg', '', 'https://m.media-amazon.com/images/I/81LkGvRkjOL._AC_UL800_QL65_.jpg', '', 'https://m.media-amazon.com/images/I/81LkGvRkjOL._AC_UL960_QL65_.jpg']",880
92,"Kellogg's Combo, Kellogg's Chocos, High in Protein, B Vitamins, Calcium And Iron, 1.2kg Pack and Kellogg's Special K Original, Breakfast Cereals, 900g","['https://m.media-amazon.com/images/I/819-nz0G3dL._AC_UL320_.jpg', '', 'https://m.media-amazon.com/images/I/819-nz0G3dL._AC_UL480_QL65_.jpg', '', 'https://m.media-amazon.com/images/I/819-nz0G3dL._AC_UL640_QL65_.jpg', '', 'https://m.media-amazon.com/images/I/819-nz0G3dL._AC_UL800_QL65_.jpg', '', 'https://m.media-amazon.com/images/I/819-nz0G3dL._AC_UL960_QL65_.jpg']",869
93,"Kellogg's Rice Krispies, 510g","['https://m.media-amazon.com/images/I/71k1zdHI+oL._AC_UL320_.jpg', '', 'https://m.media-amazon.com/images/I/71k1zdHI+oL._AC_UL480_QL65_.jpg', '', 'https://m.media-amazon.com/images/I/71k1zdHI+oL._AC_UL640_QL65_.jpg', '', 'https://m.media-amazon.com/images/I/71k1zdHI+oL._AC_UL800_QL65_.jpg', '', 'https://m.media-amazon.com/images/I/71k1zdHI+oL._AC_UL960_QL65_.jpg']",748
94,"Saffola Masala Oats, Classic Masala, 500g + Saffola Oats, 1 kg with Free Saffola Oats 400 gm","['https://m.media-amazon.com/images/I/611FLmC9fCL._AC_UL320_.jpg', '', 'https://m.media-amazon.com/images/I/611FLmC9fCL._AC_UL480_QL65_.jpg', '', 'https://m.media-amazon.com/images/I/611FLmC9fCL._AC_UL640_QL65_.jpg', '', 'https://m.media-amazon.com/images/I/611FLmC9fCL._AC_UL800_QL65_.jpg', '', 'https://m.media-amazon.com/images/I/611FLmC9fCL._AC_UL960_QL65_.jpg']",385
95,"Bagrry's Oats for Atta, 500g","['https://m.media-amazon.com/images/I/71bjevg5azL._AC_UL320_.jpg', '', 'https://m.media-amazon.com/images/I/71bjevg5azL._AC_UL480_QL65_.jpg', '', 'https://m.media-amazon.com/images/I/71bjevg5azL._AC_UL640_QL65_.jpg', '', 'https://m.media-amazon.com/images/I/71bjevg5azL._AC_UL800_QL65_.jpg', '', 'https://m.media-amazon.com/images/I/71bjevg5azL._AC_UL960_QL65_.jpg']",99
96,"Bagrry's Porridge White Oats, Box, 500g","['https://m.media-amazon.com/images/I/81i0OzGv+eL._AC_UL320_.jpg', '', 'https://m.media-amazon.com/images/I/81i0OzGv+eL._AC_UL480_QL65_.jpg', '', 'https://m.media-amazon.com/images/I/81i0OzGv+eL._AC_UL640_QL65_.jpg', '', 'https://m.media-amazon.com/images/I/81i0OzGv+eL._AC_UL800_QL65_.jpg', '', 'https://m.media-amazon.com/images/I/81i0OzGv+eL._AC_UL960_QL65_.jpg']",105
97,"Nestle Cerelac Fortified Baby Cereal with Milk, Wheat – From 6 Months, 300g Pack","['https://m.media-amazon.com/images/I/810PRF2lsQL._AC_UL320_.jpg', '', 'https://m.media-amazon.com/images/I/810PRF2lsQL._AC_UL480_QL65_.jpg', '', 'https://m.media-amazon.com/images/I/810PRF2lsQL._AC_UL640_QL65_.jpg', '', 'https://m.media-amazon.com/images/I/810PRF2lsQL._AC_UL800_QL65_.jpg', '', 'https://m.media-amazon.com/images/I/810PRF2lsQL._AC_UL960_QL65_.jpg']",2
98,"Saffola Masala Oats, Classic Masala, 500g + Saffola Masala Oats, Veggie Twist, 1 kg","['https://m.media-amazon.com/images/I/61OhsNodWmL._AC_UL320_.jpg', '', 'https://m.media-amazon.com/images/I/61OhsNodWmL._AC_UL480_QL65_.jpg', '', 'https://m.media-amazon.com/images/I/61OhsNodWmL._AC_UL640_QL65_.jpg', '', 'https://m.media-amazon.com/images/I/61OhsNodWmL._AC_UL800_QL65_.jpg', '', 'https://m.media-amazon.com/images/I/61OhsNodWmL._AC_UL960_QL65_.jpg']",640
99,"Saffola Masala Oats, Veggie Twist, 1 kg + Saffola Masala Oats, Peppy Tomato, 500g","['https://m.media-amazon.com/images/I/61ve6Du2ndL._AC_UL320_.jpg', '', 'https://m.media-amazon.com/images/I/61ve6Du2ndL._AC_UL480_QL65_.jpg', '', 'https://m.media-amazon.com/images/I/61ve6Du2ndL._AC_UL640_QL65_.jpg', '', 'https://m.media-amazon.com/images/I/61ve6Du2ndL._AC_UL800_QL65_.jpg', '', 'https://m.media-amazon.com/images/I/61ve6Du2ndL._AC_UL960_QL65_.jpg']",640
100,"Kellogg's Frosties, 330g","['https://m.media-amazon.com/images/I/61fZmAmHD2L._AC_UL320_.jpg', '', 'https://m.media-amazon.com/images/I/61fZmAmHD2L._AC_UL480_QL65_.jpg', '', 'https://m.media-amazon.com/images/I/61fZmAmHD2L._AC_UL640_QL65_.jpg', '', 'https://m.media-amazon.com/images/I/61fZmAmHD2L._AC_UL800_QL65_.jpg', '', 'https://m.media-amazon.com/images/I/61fZmAmHD2L._AC_UL960_QL65_.jpg']",749
101,"Bagrry's Steel Cut Oats, 500g","['https://m.media-amazon.com/images/I/71tMVsIvwsL._AC_UL320_.jpg', '', 'https://m.media-amazon.com/images/I/71tMVsIvwsL._AC_UL480_QL65_.jpg', '', 'https://m.media-amazon.com/images/I/71tMVsIvwsL._AC_UL640_QL65_.jpg', '', 'https://m.media-amazon.com/images/I/71tMVsIvwsL._AC_UL800_QL65_.jpg', '', 'https://m.media-amazon.com/images/I/71tMVsIvwsL._AC_UL960_QL65_.jpg']",245
102,Bagrry's Choco+ 1.2 Kg Pouch,"['https://m.media-amazon.com/images/I/812I23S8cTL._AC_UL320_.jpg', '', 'https://m.media-amazon.com/images/I/812I23S8cTL._AC_UL480_QL65_.jpg', '', 'https://m.media-amazon.com/images/I/812I23S8cTL._AC_UL640_QL65_.jpg', '', 'https://m.media-amazon.com/images/I/812I23S8cTL._AC_UL800_QL65_.jpg', '', 'https://m.media-amazon.com/images/I/812I23S8cTL._AC_UL960_QL65_.jpg']",370
103,"Bagrry's Organic Chia, 150g","['https://m.media-amazon.com/images/I/411XjxZqBcL._AC_UL320_.jpg', '', 'https://m.media-amazon.com/images/I/411XjxZqBcL._AC_UL480_QL65_.jpg', '', 'https://m.media-amazon.com/images/I/411XjxZqBcL._AC_UL640_QL65_.jpg', '', 'https://m.media-amazon.com/images/I/411XjxZqBcL._AC_UL800_QL65_.jpg', '', 'https://m.media-amazon.com/images/I/411XjxZqBcL._AC_UL960_QL65_.jpg']",320
104,"Bagrrys Corn Flakes, 800g (with Extra 80g) + Bagrry's Fruit N Fibre Muesli, Mixed Fruit, 1000g","['https://m.media-amazon.com/images/I/614639TOscL._AC_UL320_.jpg', '', 'https://m.media-amazon.com/images/I/614639TOscL._AC_UL480_QL65_.jpg', '', 'https://m.media-amazon.com/images/I/614639TOscL._AC_UL640_QL65_.jpg', '', 'https://m.media-amazon.com/images/I/614639TOscL._AC_UL800_QL65_.jpg', '', 'https://m.media-amazon.com/images/I/614639TOscL._AC_UL960_QL65_.jpg']",905
105,"Kellogg's Chocos Moons and Stars, 680g","['https://m.media-amazon.com/images/I/61Y4FC+UnoL._AC_UL320_.jpg', '', 'https://m.media-amazon.com/images/I/61Y4FC+UnoL._AC_UL480_QL65_.jpg', '', 'https://m.media-amazon.com/images/I/61Y4FC+UnoL._AC_UL640_QL65_.jpg', '', 'https://m.media-amazon.com/images/I/61Y4FC+UnoL._AC_UL800_QL65_.jpg', '', 'https://m.media-amazon.com/images/I/61Y4FC+UnoL._AC_UL960_QL65_.jpg']",310
106,"Saffola Masala Oats, Pongal Surprise, 500g","['https://m.media-amazon.com/images/I/71T55wjrq1L._AC_UL320_.jpg', '', 'https://m.media-amazon.com/images/I/71T55wjrq1L._AC_UL480_QL65_.jpg', '', 'https://m.media-amazon.com/images/I/71T55wjrq1L._AC_UL640_QL65_.jpg', '', 'https://m.media-amazon.com/images/I/71T55wjrq1L._AC_UL800_QL65_.jpg', '', 'https://m.media-amazon.com/images/I/71T55wjrq1L._AC_UL960_QL65_.jpg']",175
107,"Kellogg's Special K Red Berries, 360 g","['https://m.media-amazon.com/images/I/71MJ2EIY7XL._AC_UL320_.jpg', '', 'https://m.media-amazon.com/images/I/71MJ2EIY7XL._AC_UL480_QL65_.jpg', '', 'https://m.media-amazon.com/images/I/71MJ2EIY7XL._AC_UL640_QL65_.jpg', '', 'https://m.media-amazon.com/images/I/71MJ2EIY7XL._AC_UL800_QL65_.jpg', '', 'https://m.media-amazon.com/images/I/71MJ2EIY7XL._AC_UL960_QL65_.jpg']",672
108,"Bagrry's Crunchy Muesli, Oat Clusters with Almonds, Raisins and Honey, 750 GM Pouch","['https://m.media-amazon.com/images/I/51vjKb1I8HL._AC_UL320_.jpg', '', 'https://m.media-amazon.com/images/I/51vjKb1I8HL._AC_UL480_QL65_.jpg', '', 'https://m.media-amazon.com/images/I/51vjKb1I8HL._AC_UL640_QL65_.jpg', '', 'https://m.media-amazon.com/images/I/51vjKb1I8HL._AC_UL800_QL65_.jpg', '', 'https://m.media-amazon.com/images/I/51vjKb1I8HL._AC_UL960_QL65_.jpg']",409
109,"Kellogg's Bar Rice Krispies, 120 g","['https://m.media-amazon.com/images/I/71E1RNL5PKL._AC_UL320_.jpg', '', 'https://m.media-amazon.com/images/I/71E1RNL5PKL._AC_UL480_QL65_.jpg', '', 'https://m.media-amazon.com/images/I/71E1RNL5PKL._AC_UL640_QL65_.jpg', '', 'https://m.media-amazon.com/images/I/71E1RNL5PKL._AC_UL800_QL65_.jpg', '', 'https://m.media-amazon.com/images/I/71E1RNL5PKL._AC_UL960_QL65_.jpg']",349
110,"Kellogg's Frosties Cereal, 500g","['https://m.media-amazon.com/images/I/91dfjBZ9nXL._AC_UL320_.jpg', '', 'https://m.media-amazon.com/images/I/91dfjBZ9nXL._AC_UL480_QL65_.jpg', '', 'https://m.media-amazon.com/images/I/91dfjBZ9nXL._AC_UL640_QL65_.jpg', '', 'https://m.media-amazon.com/images/I/91dfjBZ9nXL._AC_UL800_QL65_.jpg', '', 'https://m.media-amazon.com/images/I/91dfjBZ9nXL._AC_UL960_QL65_.jpg']",825
111,"Kelloggs Cocoa Krispies, 439 g","['https://m.media-amazon.com/images/I/81eu4+qS6kL._AC_UL320_.jpg', '', 'https://m.media-amazon.com/images/I/81eu4+qS6kL._AC_UL480_QL65_.jpg', '', 'https://m.media-amazon.com/images/I/81eu4+qS6kL._AC_UL640_QL65_.jpg', '', 'https://m.media-amazon.com/images/I/81eu4+qS6kL._AC_UL800_QL65_.jpg', '', 'https://m.media-amazon.com/images/I/81eu4+qS6kL._AC_UL960_QL65_.jpg']",899
112,"Kellogg's Unicorn Froot Loops, 375 g","['https://m.media-amazon.com/images/I/61ykbjNaurL._AC_UL320_.jpg', '', 'https://m.media-amazon.com/images/I/61ykbjNaurL._AC_UL480_QL65_.jpg', '', 'https://m.media-amazon.com/images/I/61ykbjNaurL._AC_UL640_QL65_.jpg', '', 'https://m.media-amazon.com/images/I/61ykbjNaurL._AC_UL800_QL65_.jpg', '', 'https://m.media-amazon.com/images/I/61ykbjNaurL._AC_UL960_QL65_.jpg']",990
113,"Kellogg's Rise Krispies, 510 g","['https://m.media-amazon.com/images/I/71FYetmcTaL._AC_UL320_.jpg', '', 'https://m.media-amazon.com/images/I/71FYetmcTaL._AC_UL480_QL65_.jpg', '', 'https://m.media-amazon.com/images/I/71FYetmcTaL._AC_UL640_QL65_.jpg', '', 'https://m.media-amazon.com/images/I/71FYetmcTaL._AC_UL800_QL65_.jpg', '', 'https://m.media-amazon.com/images/I/71FYetmcTaL._AC_UL960_QL65_.jpg']",690
114,Kellogg's Frosties (375 g),"['https://m.media-amazon.com/images/I/61xMG9GYacL._AC_UL320_.jpg', '', 'https://m.media-amazon.com/images/I/61xMG9GYacL._AC_UL480_QL65_.jpg', '', 'https://m.media-amazon.com/images/I/61xMG9GYacL._AC_UL640_QL65_.jpg', '', 'https://m.media-amazon.com/images/I/61xMG9GYacL._AC_UL800_QL65_.jpg', '', 'https://m.media-amazon.com/images/I/61xMG9GYacL._AC_UL960_QL65_.jpg']",730
115,"Bagrry's Organic Quinoa, 500g","['https://m.media-amazon.com/images/I/410eHvMSZxL._AC_UL320_.jpg', '', 'https://m.media-amazon.com/images/I/410eHvMSZxL._AC_UL480_QL65_.jpg', '', 'https://m.media-amazon.com/images/I/410eHvMSZxL._AC_UL640_QL65_.jpg', '', 'https://m.media-amazon.com/images/I/410eHvMSZxL._AC_UL800_QL65_.jpg', '', 'https://m.media-amazon.com/images/I/410eHvMSZxL._AC_UL960_QL65_.jpg']",375
116,"Kellogg's Frosties Bar, 150 g","['https://m.media-amazon.com/images/I/91rl2K0i-lL._AC_UL320_.jpg', '', 'https://m.media-amazon.com/images/I/91rl2K0i-lL._AC_UL480_QL65_.jpg', '', 'https://m.media-amazon.com/images/I/91rl2K0i-lL._AC_UL640_QL65_.jpg', '', 'https://m.media-amazon.com/images/I/91rl2K0i-lL._AC_UL800_QL65_.jpg', '', 'https://m.media-amazon.com/images/I/91rl2K0i-lL._AC_UL960_QL65_.jpg']",300
117,"Bagrry's Oat Bran Pouch, 400g- Pack of 2 (400x2)","['https://m.media-amazon.com/images/I/51fB4f9ngCL._AC_UL320_.jpg', '', 'https://m.media-amazon.com/images/I/51fB4f9ngCL._AC_UL480_QL65_.jpg', '', 'https://m.media-amazon.com/images/I/51fB4f9ngCL._AC_UL640_QL65_.jpg', '', 'https://m.media-amazon.com/images/I/51fB4f9ngCL._AC_UL800_QL65_.jpg', '', 'https://m.media-amazon.com/images/I/51fB4f9ngCL._AC_UL960_QL65_.jpg']",400
118,"Bagrry's Swiss Style Museli, 500 GM","['https://m.media-amazon.com/images/I/71OQSoEyR2L._AC_UL320_.jpg', '', 'https://m.media-amazon.com/images/I/71OQSoEyR2L._AC_UL480_QL65_.jpg', '', 'https://m.media-amazon.com/images/I/71OQSoEyR2L._AC_UL640_QL65_.jpg', '', 'https://m.media-amazon.com/images/I/71OQSoEyR2L._AC_UL800_QL65_.jpg', '', 'https://m.media-amazon.com/images/I/71OQSoEyR2L._AC_UL960_QL65_.jpg']",320
119,"Nestle Honey Cheerios 5 Whole Grain Cereal, 375g","['https://m.media-amazon.com/images/I/51-CKw0ggfL._AC_UL320_.jpg', '', 'https://m.media-amazon.com/images/I/51-CKw0ggfL._AC_UL480_QL65_.jpg', '', 'https://m.media-amazon.com/images/I/51-CKw0ggfL._AC_UL640_QL65_.jpg', '', 'https://m.media-amazon.com/images/I/51-CKw0ggfL._AC_UL800_QL65_.jpg', '', 'https://m.media-amazon.com/images/I/51-CKw0ggfL._AC_UL960_QL65_.jpg']",725
120,"Kellogg's Frosties, 500g","['https://m.media-amazon.com/images/I/81dU6QyK6jL._AC_UL320_.jpg', '', 'https://m.media-amazon.com/images/I/81dU6QyK6jL._AC_UL480_QL65_.jpg', '', 'https://m.media-amazon.com/images/I/81dU6QyK6jL._AC_UL640_QL65_.jpg', '', 'https://m.media-amazon.com/images/I/81dU6QyK6jL._AC_UL800_QL65_.jpg', '', 'https://m.media-amazon.com/images/I/81dU6QyK6jL._AC_UL960_QL65_.jpg']",750
121,"Kellogg's Coco Pops Pouch, 295 g","['https://m.media-amazon.com/images/I/81n0D2ow8QL._AC_UL320_.jpg', '', 'https://m.media-amazon.com/images/I/81n0D2ow8QL._AC_UL480_QL65_.jpg', '', 'https://m.media-amazon.com/images/I/81n0D2ow8QL._AC_UL640_QL65_.jpg', '', 'https://m.media-amazon.com/images/I/81n0D2ow8QL._AC_UL800_QL65_.jpg', '', 'https://m.media-amazon.com/images/I/81n0D2ow8QL._AC_UL960_QL65_.jpg']",563
122,"Bagrry's White Oats, 1kg, Pack of 2","['https://m.media-amazon.com/images/I/71i6ook-p1L._AC_UL320_.jpg', '', 'https://m.media-amazon.com/images/I/71i6ook-p1L._AC_UL480_QL65_.jpg', '', 'https://m.media-amazon.com/images/I/71i6ook-p1L._AC_UL640_QL65_.jpg', '', 'https://m.media-amazon.com/images/I/71i6ook-p1L._AC_UL800_QL65_.jpg', '', 'https://m.media-amazon.com/images/I/71i6ook-p1L._AC_UL960_QL65_.jpg']",369
123,"Nestle CEREGROW Organic Selection, Multigrain Cereal with Ragi and Mixed Fruits - From 2 to 5 Years, 200g Bag-In-Box Pack","['https://m.media-amazon.com/images/I/71KhMUUuvrL._AC_UL320_.jpg', '', 'https://m.media-amazon.com/images/I/71KhMUUuvrL._AC_UL480_QL65_.jpg', '', 'https://m.media-amazon.com/images/I/71KhMUUuvrL._AC_UL640_QL65_.jpg', '', 'https://m.media-amazon.com/images/I/71KhMUUuvrL._AC_UL800_QL65_.jpg', '', 'https://m.media-amazon.com/images/I/71KhMUUuvrL._AC_UL960_QL65_.jpg']",350
124,Bagrry's Fruit N Fibre Strawberry Muesli 500 gm Box Pack of 2,"['https://m.media-amazon.com/images/I/51TpiaxmUVL._AC_UL320_.jpg', '', 'https://m.media-amazon.com/images/I/51TpiaxmUVL._AC_UL480_QL65_.jpg', '', 'https://m.media-amazon.com/images/I/51TpiaxmUVL._AC_UL640_QL65_.jpg', '', 'https://m.media-amazon.com/images/I/51TpiaxmUVL._AC_UL800_QL65_.jpg', '', 'https://m.media-amazon.com/images/I/51TpiaxmUVL._AC_UL960_QL65_.jpg']",640
125,Kellogg's Coco Pops Cereal 480g,"['https://m.media-amazon.com/images/I/71Ei0IX0LKL._AC_UL320_.jpg', '', 'https://m.media-amazon.com/images/I/71Ei0IX0LKL._AC_UL480_QL65_.jpg', '', 'https://m.media-amazon.com/images/I/71Ei0IX0LKL._AC_UL640_QL65_.jpg', '', 'https://m.media-amazon.com/images/I/71Ei0IX0LKL._AC_UL800_QL65_.jpg', '', 'https://m.media-amazon.com/images/I/71Ei0IX0LKL._AC_UL960_QL65_.jpg']",490
126,"Kellogg's Marsh Froot Loops, 357g","['https://m.media-amazon.com/images/I/71wE9t8WE7L._AC_UL320_.jpg', '', 'https://m.media-amazon.com/images/I/71wE9t8WE7L._AC_UL480_QL65_.jpg', '', 'https://m.media-amazon.com/images/I/71wE9t8WE7L._AC_UL640_QL65_.jpg', '', 'https://m.media-amazon.com/images/I/71wE9t8WE7L._AC_UL800_QL65_.jpg', '', 'https://m.media-amazon.com/images/I/71wE9t8WE7L._AC_UL960_QL65_.jpg']",900
127,Bagrry's Total Bran Wheat Flakes 500Gm - Pack of 2,"['https://m.media-amazon.com/images/I/7162gpQh8ML._AC_UL320_.jpg', '', 'https://m.media-amazon.com/images/I/7162gpQh8ML._AC_UL480_QL65_.jpg', '', 'https://m.media-amazon.com/images/I/7162gpQh8ML._AC_UL640_QL65_.jpg', '', 'https://m.media-amazon.com/images/I/7162gpQh8ML._AC_UL800_QL65_.jpg', '', 'https://m.media-amazon.com/images/I/7162gpQh8ML._AC_UL960_QL65_.jpg']",385
128,"Bagrry's Apple Cider Vinegar with 'Mother', Raw, Unfiltered & Unpasteurized- 500ml","['https://m.media-amazon.com/images/I/41zS+Pkv8KL._AC_UL320_.jpg', '', 'https://m.media-amazon.com/images/I/41zS+Pkv8KL._AC_UL480_QL65_.jpg', '', 'https://m.media-amazon.com/images/I/41zS+Pkv8KL._AC_UL640_QL65_.jpg', '', 'https://m.media-amazon.com/images/I/41zS+Pkv8KL._AC_UL800_QL65_.jpg', '', 'https://m.media-amazon.com/images/I/41zS+Pkv8KL._AC_UL960_QL65_.jpg']",439
129,"Bagrry's Wheat Bran Pouch, Pack of 2 (300gX2)","['https://m.media-amazon.com/images/I/81YpVsn4cHL._AC_UL320_.jpg', '', 'https://m.media-amazon.com/images/I/81YpVsn4cHL._AC_UL480_QL65_.jpg', '', 'https://m.media-amazon.com/images/I/81YpVsn4cHL._AC_UL640_QL65_.jpg', '', 'https://m.media-amazon.com/images/I/81YpVsn4cHL._AC_UL800_QL65_.jpg', '', 'https://m.media-amazon.com/images/I/81YpVsn4cHL._AC_UL960_QL65_.jpg']",200
130,"Kellogg's Special K Vanilla & Almond Cereal, 353g","['https://m.media-amazon.com/images/I/91gSbjuC83L._AC_UL320_.jpg', '', 'https://m.media-amazon.com/images/I/91gSbjuC83L._AC_UL480_QL65_.jpg', '', 'https://m.media-amazon.com/images/I/91gSbjuC83L._AC_UL640_QL65_.jpg', '', 'https://m.media-amazon.com/images/I/91gSbjuC83L._AC_UL800_QL65_.jpg', '', 'https://m.media-amazon.com/images/I/91gSbjuC83L._AC_UL960_QL65_.jpg']",949
131,"Kellogg's Combo, Kellogg's Chocos, High in Protein, B Vitamins, Calcium And Iron, 1.2kg Pack and Kellogg's Corn Flakes Original, 475g","['https://m.media-amazon.com/images/I/81q+fAKbIKL._AC_UL320_.jpg', '', 'https://m.media-amazon.com/images/I/81q+fAKbIKL._AC_UL480_QL65_.jpg', '', 'https://m.media-amazon.com/images/I/81q+fAKbIKL._AC_UL640_QL65_.jpg', '', 'https://m.media-amazon.com/images/I/81q+fAKbIKL._AC_UL800_QL65_.jpg', '', 'https://m.media-amazon.com/images/I/81q+fAKbIKL._AC_UL960_QL65_.jpg']",650
132,"Kellogg's Cereal - Special K, 435g Carton","['https://m.media-amazon.com/images/I/71-0GMPavHL._AC_UL320_.jpg', '', 'https://m.media-amazon.com/images/I/71-0GMPavHL._AC_UL480_QL65_.jpg', '', 'https://m.media-amazon.com/images/I/71-0GMPavHL._AC_UL640_QL65_.jpg', '', 'https://m.media-amazon.com/images/I/71-0GMPavHL._AC_UL800_QL65_.jpg', '', 'https://m.media-amazon.com/images/I/71-0GMPavHL._AC_UL960_QL65_.jpg']",209
133,"Bagrrys Original and Healthier Corn Flakes Plus, 475g","['https://m.media-amazon.com/images/I/713aaVJZgjL._AC_UL320_.jpg', '', 'https://m.media-amazon.com/images/I/713aaVJZgjL._AC_UL480_QL65_.jpg', '', 'https://m.media-amazon.com/images/I/713aaVJZgjL._AC_UL640_QL65_.jpg', '', 'https://m.media-amazon.com/images/I/713aaVJZgjL._AC_UL800_QL65_.jpg', '', 'https://m.media-amazon.com/images/I/713aaVJZgjL._AC_UL960_QL65_.jpg']",180
134,Bagrry's Total Bran Wheat Flakes- No Added Sugar 500Gm Pack of 2,"['https://m.media-amazon.com/images/I/81dhTJbN0nL._AC_UL320_.jpg', '', 'https://m.media-amazon.com/images/I/81dhTJbN0nL._AC_UL480_QL65_.jpg', '', 'https://m.media-amazon.com/images/I/81dhTJbN0nL._AC_UL640_QL65_.jpg', '', 'https://m.media-amazon.com/images/I/81dhTJbN0nL._AC_UL800_QL65_.jpg', '', 'https://m.media-amazon.com/images/I/81dhTJbN0nL._AC_UL960_QL65_.jpg']",385
135,"Kellogg's Chocos Moon and Stars, 350g","['https://m.media-amazon.com/images/I/81f5n6STH-L._AC_UL320_.jpg', '', 'https://m.media-amazon.com/images/I/81f5n6STH-L._AC_UL480_QL65_.jpg', '', 'https://m.media-amazon.com/images/I/81f5n6STH-L._AC_UL640_QL65_.jpg', '', 'https://m.media-amazon.com/images/I/81f5n6STH-L._AC_UL800_QL65_.jpg', '', 'https://m.media-amazon.com/images/I/81f5n6STH-L._AC_UL960_QL65_.jpg']",174
136,"Bagrry's Oats Atta Pouch, Pack of 3 (300GM X 3","['https://m.media-amazon.com/images/I/51Jq5o-zxKL._AC_UL320_.jpg', '', 'https://m.media-amazon.com/images/I/51Jq5o-zxKL._AC_UL480_QL65_.jpg', '', 'https://m.media-amazon.com/images/I/51Jq5o-zxKL._AC_UL640_QL65_.jpg', '', 'https://m.media-amazon.com/images/I/51Jq5o-zxKL._AC_UL800_QL65_.jpg', '', 'https://m.media-amazon.com/images/I/51Jq5o-zxKL._AC_UL960_QL65_.jpg']",270
137,"Pop Tarts Toaster Pastries, Frosted Strawberry, 8 pack - 416g","['https://m.media-amazon.com/images/I/81knfQiDf7L._AC_UL320_.jpg', '', 'https://m.media-amazon.com/images/I/81knfQiDf7L._AC_UL480_QL65_.jpg', '', 'https://m.media-amazon.com/images/I/81knfQiDf7L._AC_UL640_QL65_.jpg', '', 'https://m.media-amazon.com/images/I/81knfQiDf7L._AC_UL800_QL65_.jpg', '', 'https://m.media-amazon.com/images/I/81knfQiDf7L._AC_UL960_QL65_.jpg']",700
138,"Nestle CEREGROW Organic Selection, Multigrain Cereal with Ragi and Mixed Fruits - From 2 to 5 Years, 200g Bag-In-Box Pack","['https://m.media-amazon.com/images/I/71KhMUUuvrL._AC_UL320_.jpg', '', 'https://m.media-amazon.com/images/I/71KhMUUuvrL._AC_UL480_QL65_.jpg', '', 'https://m.media-amazon.com/images/I/71KhMUUuvrL._AC_UL640_QL65_.jpg', '', 'https://m.media-amazon.com/images/I/71KhMUUuvrL._AC_UL800_QL65_.jpg', '', 'https://m.media-amazon.com/images/I/71KhMUUuvrL._AC_UL960_QL65_.jpg']",350
139,Bagrry's Fruit N Fibre Strawberry Muesli 500 gm Box Pack of 2,"['https://m.media-amazon.com/images/I/51TpiaxmUVL._AC_UL320_.jpg', '', 'https://m.media-amazon.com/images/I/51TpiaxmUVL._AC_UL480_QL65_.jpg', '', 'https://m.media-amazon.com/images/I/51TpiaxmUVL._AC_UL640_QL65_.jpg', '', 'https://m.media-amazon.com/images/I/51TpiaxmUVL._AC_UL800_QL65_.jpg', '', 'https://m.media-amazon.com/images/I/51TpiaxmUVL._AC_UL960_QL65_.jpg']",640
140,Kellogg's Coco Pops Cereal 480g,"['https://m.media-amazon.com/images/I/71Ei0IX0LKL._AC_UL320_.jpg', '', 'https://m.media-amazon.com/images/I/71Ei0IX0LKL._AC_UL480_QL65_.jpg', '', 'https://m.media-amazon.com/images/I/71Ei0IX0LKL._AC_UL640_QL65_.jpg', '', 'https://m.media-amazon.com/images/I/71Ei0IX0LKL._AC_UL800_QL65_.jpg', '', 'https://m.media-amazon.com/images/I/71Ei0IX0LKL._AC_UL960_QL65_.jpg']",490
141,"Kellogg's Marsh Froot Loops, 357g","['https://m.media-amazon.com/images/I/71wE9t8WE7L._AC_UL320_.jpg', '', 'https://m.media-amazon.com/images/I/71wE9t8WE7L._AC_UL480_QL65_.jpg', '', 'https://m.media-amazon.com/images/I/71wE9t8WE7L._AC_UL640_QL65_.jpg', '', 'https://m.media-amazon.com/images/I/71wE9t8WE7L._AC_UL800_QL65_.jpg', '', 'https://m.media-amazon.com/images/I/71wE9t8WE7L._AC_UL960_QL65_.jpg']",900
142,Bagrry's Total Bran Wheat Flakes 500Gm - Pack of 2,"['https://m.media-amazon.com/images/I/7162gpQh8ML._AC_UL320_.jpg', '', 'https://m.media-amazon.com/images/I/7162gpQh8ML._AC_UL480_QL65_.jpg', '', 'https://m.media-amazon.com/images/I/7162gpQh8ML._AC_UL640_QL65_.jpg', '', 'https://m.media-amazon.com/images/I/7162gpQh8ML._AC_UL800_QL65_.jpg', '', 'https://m.media-amazon.com/images/I/7162gpQh8ML._AC_UL960_QL65_.jpg']",385
143,"Bagrry's Apple Cider Vinegar with 'Mother', Raw, Unfiltered & Unpasteurized- 500ml","['https://m.media-amazon.com/images/I/41zS+Pkv8KL._AC_UL320_.jpg', '', 'https://m.media-amazon.com/images/I/41zS+Pkv8KL._AC_UL480_QL65_.jpg', '', 'https://m.media-amazon.com/images/I/41zS+Pkv8KL._AC_UL640_QL65_.jpg', '', 'https://m.media-amazon.com/images/I/41zS+Pkv8KL._AC_UL800_QL65_.jpg', '', 'https://m.media-amazon.com/images/I/41zS+Pkv8KL._AC_UL960_QL65_.jpg']",439
144,"Bagrry's Wheat Bran Pouch, Pack of 2 (300gX2)","['https://m.media-amazon.com/images/I/81YpVsn4cHL._AC_UL320_.jpg', '', 'https://m.media-amazon.com/images/I/81YpVsn4cHL._AC_UL480_QL65_.jpg', '', 'https://m.media-amazon.com/images/I/81YpVsn4cHL._AC_UL640_QL65_.jpg', '', 'https://m.media-amazon.com/images/I/81YpVsn4cHL._AC_UL800_QL65_.jpg', '', 'https://m.media-amazon.com/images/I/81YpVsn4cHL._AC_UL960_QL65_.jpg']",200
145,"Kellogg's Special K Vanilla & Almond Cereal, 353g","['https://m.media-amazon.com/images/I/91gSbjuC83L._AC_UL320_.jpg', '', 'https://m.media-amazon.com/images/I/91gSbjuC83L._AC_UL480_QL65_.jpg', '', 'https://m.media-amazon.com/images/I/91gSbjuC83L._AC_UL640_QL65_.jpg', '', 'https://m.media-amazon.com/images/I/91gSbjuC83L._AC_UL800_QL65_.jpg', '', 'https://m.media-amazon.com/images/I/91gSbjuC83L._AC_UL960_QL65_.jpg']",949
146,"Kellogg's Combo, Kellogg's Chocos, High in Protein, B Vitamins, Calcium And Iron, 1.2kg Pack and Kellogg's Corn Flakes Original, 475g","['https://m.media-amazon.com/images/I/81q+fAKbIKL._AC_UL320_.jpg', '', 'https://m.media-amazon.com/images/I/81q+fAKbIKL._AC_UL480_QL65_.jpg', '', 'https://m.media-amazon.com/images/I/81q+fAKbIKL._AC_UL640_QL65_.jpg', '', 'https://m.media-amazon.com/images/I/81q+fAKbIKL._AC_UL800_QL65_.jpg', '', 'https://m.media-amazon.com/images/I/81q+fAKbIKL._AC_UL960_QL65_.jpg']",650
147,"Kellogg's Cereal - Special K, 435g Carton","['https://m.media-amazon.com/images/I/71-0GMPavHL._AC_UL320_.jpg', '', 'https://m.media-amazon.com/images/I/71-0GMPavHL._AC_UL480_QL65_.jpg', '', 'https://m.media-amazon.com/images/I/71-0GMPavHL._AC_UL640_QL65_.jpg', '', 'https://m.media-amazon.com/images/I/71-0GMPavHL._AC_UL800_QL65_.jpg', '', 'https://m.media-amazon.com/images/I/71-0GMPavHL._AC_UL960_QL65_.jpg']",209
148,"Bagrrys Original and Healthier Corn Flakes Plus, 475g","['https://m.media-amazon.com/images/I/713aaVJZgjL._AC_UL320_.jpg', '', 'https://m.media-amazon.com/images/I/713aaVJZgjL._AC_UL480_QL65_.jpg', '', 'https://m.media-amazon.com/images/I/713aaVJZgjL._AC_UL640_QL65_.jpg', '', 'https://m.media-amazon.com/images/I/713aaVJZgjL._AC_UL800_QL65_.jpg', '', 'https://m.media-amazon.com/images/I/713aaVJZgjL._AC_UL960_QL65_.jpg']",180
149,Bagrry's Total Bran Wheat Flakes- No Added Sugar 500Gm Pack of 2,"['https://m.media-amazon.com/images/I/81dhTJbN0nL._AC_UL320_.jpg', '', 'https://m.media-amazon.com/images/I/81dhTJbN0nL._AC_UL480_QL65_.jpg', '', 'https://m.media-amazon.com/images/I/81dhTJbN0nL._AC_UL640_QL65_.jpg', '', 'https://m.media-amazon.com/images/I/81dhTJbN0nL._AC_UL800_QL65_.jpg', '', 'https://m.media-amazon.com/images/I/81dhTJbN0nL._AC_UL960_QL65_.jpg']",385
150,"Kellogg's Chocos Moon and Stars, 350g","['https://m.media-amazon.com/images/I/81f5n6STH-L._AC_UL320_.jpg', '', 'https://m.media-amazon.com/images/I/81f5n6STH-L._AC_UL480_QL65_.jpg', '', 'https://m.media-amazon.com/images/I/81f5n6STH-L._AC_UL640_QL65_.jpg', '', 'https://m.media-amazon.com/images/I/81f5n6STH-L._AC_UL800_QL65_.jpg', '', 'https://m.media-amazon.com/images/I/81f5n6STH-L._AC_UL960_QL65_.jpg']",174
151,"Bagrry's Oats Atta Pouch, Pack of 3 (300GM X 3","['https://m.media-amazon.com/images/I/51Jq5o-zxKL._AC_UL320_.jpg', '', 'https://m.media-amazon.com/images/I/51Jq5o-zxKL._AC_UL480_QL65_.jpg', '', 'https://m.media-amazon.com/images/I/51Jq5o-zxKL._AC_UL640_QL65_.jpg', '', 'https://m.media-amazon.com/images/I/51Jq5o-zxKL._AC_UL800_QL65_.jpg', '', 'https://m.media-amazon.com/images/I/51Jq5o-zxKL._AC_UL960_QL65_.jpg']",270
152,"Pop Tarts Toaster Pastries, Frosted Strawberry, 8 pack - 416g","['https://m.media-amazon.com/images/I/81knfQiDf7L._AC_UL320_.jpg', '', 'https://m.media-amazon.com/images/I/81knfQiDf7L._AC_UL480_QL65_.jpg', '', 'https://m.media-amazon.com/images/I/81knfQiDf7L._AC_UL640_QL65_.jpg', '', 'https://m.media-amazon.com/images/I/81knfQiDf7L._AC_UL800_QL65_.jpg', '', 'https://m.media-amazon.com/images/I/81knfQiDf7L._AC_UL960_QL65_.jpg']",700
153,"Kellogg's Pop Tarts Hot Fudge, 384g","['https://m.media-amazon.com/images/I/51APGJ4VS6L._AC_UL320_.jpg', '', 'https://m.media-amazon.com/images/I/51APGJ4VS6L._AC_UL480_QL65_.jpg', '', 'https://m.media-amazon.com/images/I/51APGJ4VS6L._AC_UL640_QL65_.jpg', '', 'https://m.media-amazon.com/images/I/51APGJ4VS6L._AC_UL800_QL65_.jpg', '', 'https://m.media-amazon.com/images/I/51APGJ4VS6L._AC_UL960_QL65_.jpg']",699
154,"Kellogg's Marsh Froot Loops, 357g","['https://m.media-amazon.com/images/I/91y9D9h1drL._AC_UL320_.jpg', '', 'https://m.media-amazon.com/images/I/91y9D9h1drL._AC_UL480_QL65_.jpg', '', 'https://m.media-amazon.com/images/I/91y9D9h1drL._AC_UL640_QL65_.jpg', '', 'https://m.media-amazon.com/images/I/91y9D9h1drL._AC_UL800_QL65_.jpg', '', 'https://m.media-amazon.com/images/I/91y9D9h1drL._AC_UL960_QL65_.jpg']",899
155,"Kellogg's Crunchy Nut Cereal, 500 g","['https://m.media-amazon.com/images/I/71MvUJ9ETnL._AC_UL320_.jpg', '', 'https://m.media-amazon.com/images/I/71MvUJ9ETnL._AC_UL480_QL65_.jpg', '', 'https://m.media-amazon.com/images/I/71MvUJ9ETnL._AC_UL640_QL65_.jpg', '', 'https://m.media-amazon.com/images/I/71MvUJ9ETnL._AC_UL800_QL65_.jpg', '', 'https://m.media-amazon.com/images/I/71MvUJ9ETnL._AC_UL960_QL65_.jpg']",745
156,"Kellogg's Pop Tarts, Frosted Raspberry, 416g (8pcs)","['https://m.media-amazon.com/images/I/71b4lqTc6nL._AC_UL320_.jpg', '', 'https://m.media-amazon.com/images/I/71b4lqTc6nL._AC_UL480_QL65_.jpg', '', 'https://m.media-amazon.com/images/I/71b4lqTc6nL._AC_UL640_QL65_.jpg', '', 'https://m.media-amazon.com/images/I/71b4lqTc6nL._AC_UL800_QL65_.jpg', '', 'https://m.media-amazon.com/images/I/71b4lqTc6nL._AC_UL960_QL65_.jpg']",699
157,"Saffola Oats, 1kg with Free Saffola Oats, 400g","['https://m.media-amazon.com/images/I/51s5NG6l6FL._AC_UL320_.jpg', '', 'https://m.media-amazon.com/images/I/51s5NG6l6FL._AC_UL480_QL65_.jpg', '', 'https://m.media-amazon.com/images/I/51s5NG6l6FL._AC_UL640_QL65_.jpg', '', 'https://m.media-amazon.com/images/I/51s5NG6l6FL._AC_UL800_QL65_.jpg', '', 'https://m.media-amazon.com/images/I/51s5NG6l6FL._AC_UL960_QL65_.jpg']",199
158,"Saffola Masala Oats, Veggie Twist, 39g","['https://m.media-amazon.com/images/I/71Xh0Xji4bL._AC_UL320_.jpg', '', 'https://m.media-amazon.com/images/I/71Xh0Xji4bL._AC_UL480_QL65_.jpg', '', 'https://m.media-amazon.com/images/I/71Xh0Xji4bL._AC_UL640_QL65_.jpg', '', 'https://m.media-amazon.com/images/I/71Xh0Xji4bL._AC_UL800_QL65_.jpg', '', 'https://m.media-amazon.com/images/I/71Xh0Xji4bL._AC_UL960_QL65_.jpg']",15
159,"Nestle Coffee Mate Hazelnut, 425.2g","['https://m.media-amazon.com/images/I/81mp-lTji1L._AC_UL320_.jpg', '', 'https://m.media-amazon.com/images/I/81mp-lTji1L._AC_UL480_QL65_.jpg', '', 'https://m.media-amazon.com/images/I/81mp-lTji1L._AC_UL640_QL65_.jpg', '', 'https://m.media-amazon.com/images/I/81mp-lTji1L._AC_UL800_QL65_.jpg', '', 'https://m.media-amazon.com/images/I/81mp-lTji1L._AC_UL960_QL65_.jpg']",850
160,"Saffola Masala Oats Peppy Tomato, 39g","['https://m.media-amazon.com/images/I/71oiwb907IL._AC_UL320_.jpg', '', 'https://m.media-amazon.com/images/I/71oiwb907IL._AC_UL480_QL65_.jpg', '', 'https://m.media-amazon.com/images/I/71oiwb907IL._AC_UL640_QL65_.jpg', '', 'https://m.media-amazon.com/images/I/71oiwb907IL._AC_UL800_QL65_.jpg', '', 'https://m.media-amazon.com/images/I/71oiwb907IL._AC_UL960_QL65_.jpg']",15
161,"Kellogg's Pop Tarts Hot Fudge, 384g","['https://m.media-amazon.com/images/I/51APGJ4VS6L._AC_UL320_.jpg', '', 'https://m.media-amazon.com/images/I/51APGJ4VS6L._AC_UL480_QL65_.jpg', '', 'https://m.media-amazon.com/images/I/51APGJ4VS6L._AC_UL640_QL65_.jpg', '', 'https://m.media-amazon.com/images/I/51APGJ4VS6L._AC_UL800_QL65_.jpg', '', 'https://m.media-amazon.com/images/I/51APGJ4VS6L._AC_UL960_QL65_.jpg']",699
162,"Kellogg's Marsh Froot Loops, 357g","['https://m.media-amazon.com/images/I/91y9D9h1drL._AC_UL320_.jpg', '', 'https://m.media-amazon.com/images/I/91y9D9h1drL._AC_UL480_QL65_.jpg', '', 'https://m.media-amazon.com/images/I/91y9D9h1drL._AC_UL640_QL65_.jpg', '', 'https://m.media-amazon.com/images/I/91y9D9h1drL._AC_UL800_QL65_.jpg', '', 'https://m.media-amazon.com/images/I/91y9D9h1drL._AC_UL960_QL65_.jpg']",899
163,"Kellogg's Crunchy Nut Cereal, 500 g","['https://m.media-amazon.com/images/I/71MvUJ9ETnL._AC_UL320_.jpg', '', 'https://m.media-amazon.com/images/I/71MvUJ9ETnL._AC_UL480_QL65_.jpg', '', 'https://m.media-amazon.com/images/I/71MvUJ9ETnL._AC_UL640_QL65_.jpg', '', 'https://m.media-amazon.com/images/I/71MvUJ9ETnL._AC_UL800_QL65_.jpg', '', 'https://m.media-amazon.com/images/I/71MvUJ9ETnL._AC_UL960_QL65_.jpg']",745
164,"Kellogg's Pop Tarts, Frosted Raspberry, 416g (8pcs)","['https://m.media-amazon.com/images/I/71b4lqTc6nL._AC_UL320_.jpg', '', 'https://m.media-amazon.com/images/I/71b4lqTc6nL._AC_UL480_QL65_.jpg', '', 'https://m.media-amazon.com/images/I/71b4lqTc6nL._AC_UL640_QL65_.jpg', '', 'https://m.media-amazon.com/images/I/71b4lqTc6nL._AC_UL800_QL65_.jpg', '', 'https://m.media-amazon.com/images/I/71b4lqTc6nL._AC_UL960_QL65_.jpg']",699
165,"Saffola Oats, 1kg with Free Saffola Oats, 400g","['https://m.media-amazon.com/images/I/51s5NG6l6FL._AC_UL320_.jpg', '', 'https://m.media-amazon.com/images/I/51s5NG6l6FL._AC_UL480_QL65_.jpg', '', 'https://m.media-amazon.com/images/I/51s5NG6l6FL._AC_UL640_QL65_.jpg', '', 'https://m.media-amazon.com/images/I/51s5NG6l6FL._AC_UL800_QL65_.jpg', '', 'https://m.media-amazon.com/images/I/51s5NG6l6FL._AC_UL960_QL65_.jpg']",199
166,"Saffola Masala Oats, Veggie Twist, 39g","['https://m.media-amazon.com/images/I/71Xh0Xji4bL._AC_UL320_.jpg', '', 'https://m.media-amazon.com/images/I/71Xh0Xji4bL._AC_UL480_QL65_.jpg', '', 'https://m.media-amazon.com/images/I/71Xh0Xji4bL._AC_UL640_QL65_.jpg', '', 'https://m.media-amazon.com/images/I/71Xh0Xji4bL._AC_UL800_QL65_.jpg', '', 'https://m.media-amazon.com/images/I/71Xh0Xji4bL._AC_UL960_QL65_.jpg']",15
167,"Nestle Coffee Mate Hazelnut, 425.2g","['https://m.media-amazon.com/images/I/81mp-lTji1L._AC_UL320_.jpg', '', 'https://m.media-amazon.com/images/I/81mp-lTji1L._AC_UL480_QL65_.jpg', '', 'https://m.media-amazon.com/images/I/81mp-lTji1L._AC_UL640_QL65_.jpg', '', 'https://m.media-amazon.com/images/I/81mp-lTji1L._AC_UL800_QL65_.jpg', '', 'https://m.media-amazon.com/images/I/81mp-lTji1L._AC_UL960_QL65_.jpg']",850
168,"Saffola Masala Oats Peppy Tomato, 39g","['https://m.media-amazon.com/images/I/71oiwb907IL._AC_UL320_.jpg', '', 'https://m.media-amazon.com/images/I/71oiwb907IL._AC_UL480_QL65_.jpg', '', 'https://m.media-amazon.com/images/I/71oiwb907IL._AC_UL640_QL65_.jpg', '', 'https://m.media-amazon.com/images/I/71oiwb907IL._AC_UL800_QL65_.jpg', '', 'https://m.media-amazon.com/images/I/71oiwb907IL._AC_UL960_QL65_.jpg']",15
169,"Kellogg's Chocos Fills - Vanilla, 180g","['https://m.media-amazon.com/images/I/81On63OEzlL._AC_UL320_.jpg', '', 'https://m.media-amazon.com/images/I/81On63OEzlL._AC_UL480_QL65_.jpg', '', 'https://m.media-amazon.com/images/I/81On63OEzlL._AC_UL640_QL65_.jpg', '', 'https://m.media-amazon.com/images/I/81On63OEzlL._AC_UL800_QL65_.jpg', '', 'https://m.media-amazon.com/images/I/81On63OEzlL._AC_UL960_QL65_.jpg']",99
170,"Kellogg's Froot Loops Mixed Cereal Fruit Flavoured Loops,350g","['https://m.media-amazon.com/images/I/5142t2v+UNL._AC_UL320_.jpg', '', 'https://m.media-amazon.com/images/I/5142t2v+UNL._AC_UL480_QL65_.jpg', '', 'https://m.media-amazon.com/images/I/5142t2v+UNL._AC_UL640_QL65_.jpg', '', 'https://m.media-amazon.com/images/I/5142t2v+UNL._AC_UL800_QL65_.jpg', '', 'https://m.media-amazon.com/images/I/5142t2v+UNL._AC_UL960_QL65_.jpg']",900
171,"Saffola Oats, 200g","['https://m.media-amazon.com/images/I/71ZA84-VBNL._AC_UL320_.jpg', '', 'https://m.media-amazon.com/images/I/71ZA84-VBNL._AC_UL480_QL65_.jpg', '', 'https://m.media-amazon.com/images/I/71ZA84-VBNL._AC_UL640_QL65_.jpg', '', 'https://m.media-amazon.com/images/I/71ZA84-VBNL._AC_UL800_QL65_.jpg', '', 'https://m.media-amazon.com/images/I/71ZA84-VBNL._AC_UL960_QL65_.jpg']",45
